date,ind_us,chem_us,ppi_us,cpi_us,inc_us,pop_us,cbui_us,pcars_us
1913-01-01,,,12.1,,,,,
1913-02-01,,,12.0,,,,,
1913-03-01,,,12.0,,,,,
1913-04-01,,,12.0,,,,,
1913-05-01,,,11.9,,,,,
1913-06-01,,,11.9,,,,,
1913-07-01,,,12.0,,,,,
1913-08-01,,,12.0,,,,,
1913-09-01,,,12.2,,,,,
1913-10-01,,,12.2,,,,,
1913-11-01,,,12.1,,,,,
1913-12-01,,,11.9,,,,,
1914-01-01,,,11.8,,,,,
1914-02-01,,,11.8,,,,,
1914-03-01,,,11.7,,,,,
1914-04-01,,,11.7,,,,,
1914-05-01,,,11.6,,,,,
1914-06-01,,,11.6,,,,,
1914-07-01,,,11.6,,,,,
1914-08-01,,,12.0,,,,,
1914-09-01,,,12.1,,,,,
1914-10-01,,,11.7,,,,,
1914-11-01,,,11.7,,,,,
1914-12-01,,,11.6,,,,,
1915-01-01,,,11.8,,,,,
1915-02-01,,,11.8,,,,,
1915-03-01,,,11.8,,,,,
1915-04-01,,,11.8,,,,,
1915-05-01,,,11.9,,,,,
1915-06-01,,,11.8,,,,,
1915-07-01,,,11.9,,,,,
1915-08-01,,,11.8,,,,,
1915-09-01,,,11.8,,,,,
1915-10-01,,,12.1,,,,,
1915-11-01,,,12.3,,,,,
1915-12-01,,,12.8,,,,,
1916-01-01,,,13.3,,,,,
1916-02-01,,,13.5,,,,,
1916-03-01,,,13.9,,,,,
1916-04-01,,,14.1,,,,,
1916-05-01,,,14.2,,,,,
1916-06-01,,,14.3,,,,,
1916-07-01,,,14.4,,,,,
1916-08-01,,,14.7,,,,,
1916-09-01,,,15.0,,,,,
1916-10-01,,,15.7,,,,,
1916-11-01,,,16.8,,,,,
1916-12-01,,,17.1,,,,,
1917-01-01,,,17.6,,,,,
1917-02-01,,,18.0,,,,,
1917-03-01,,,18.5,,,,,
1917-04-01,,,19.7,,,,,
1917-05-01,,,20.8,,,,,
1917-06-01,,,21.0,,,,,
1917-07-01,,,21.2,,,,,
1917-08-01,,,21.5,,,,,
1917-09-01,,,21.3,,,,,
1917-10-01,,,21.1,,,,,
1917-11-01,,,21.2,,,,,
1917-12-01,,,21.2,,,,,
1918-01-01,,,21.6,,,,,
1918-02-01,,,21.1,,,,,
1918-03-01,,,21.8,,,,,
1918-04-01,,,22.1,,,,,
1918-05-01,,,22.1,,,,,
1918-06-01,,,22.2,,,,,
1918-07-01,,,22.7,,,,,
1918-08-01,,,23.2,,,,,
1918-09-01,,,23.7,,,,,
1918-10-01,,,23.5,,,,,
1918-11-01,,,23.5,,,,,
1918-12-01,,,23.5,,,,,
1919-01-01,4.8739,,23.2,,,,,
1919-02-01,4.6585,,22.4,,,,,
1919-03-01,4.5238,,22.6,,,,,
1919-04-01,4.6046,,22.9,,,,,
1919-05-01,4.6315,,23.3,,,,,
1919-06-01,4.9277,,23.4,,,,,
1919-07-01,5.2239,,24.3,,,,,
1919-08-01,5.3047,,24.9,,,,,
1919-09-01,5.197,,24.3,,,,,
1919-10-01,5.1432,,24.4,,,,,
1919-11-01,5.0624,,24.9,,,,,
1919-12-01,5.1432,,26.0,,,,,
1920-01-01,5.6279,,27.2,,,,,
1920-02-01,5.6279,,27.1,,,,,
1920-03-01,5.5201,,27.3,,,,,
1920-04-01,5.2239,,28.5,,,,,
1920-05-01,5.3586,,28.8,,,,,
1920-06-01,5.4124,,28.7,,,,,
1920-07-01,5.2778,,28.6,,,,,
1920-08-01,5.3047,,27.8,,,,,
1920-09-01,5.1162,,26.8,,,,,
1920-10-01,4.9008,,24.9,,,,,
1920-11-01,4.4969,,23.0,,,,,
1920-12-01,4.2276,,20.8,,,,,
1921-01-01,3.9853,,19.6,,,,,
1921-02-01,3.9045,,18.1,,,,,
1921-03-01,3.7968,,17.7,,,,,
1921-04-01,3.7968,,17.0,,,,,
1921-05-01,3.9045,,16.6,,,,,
1921-06-01,3.8776,,16.1,,,,,
1921-07-01,3.8506,,16.1,,,,,
1921-08-01,3.9853,,16.1,,,,,
1921-09-01,4.0122,,16.1,,,,,
1921-10-01,4.2545,,16.2,,,,,
1921-11-01,4.2007,,16.2,,,,,
1921-12-01,4.1738,,16.0,,,,,
1922-01-01,4.3353,,15.7,,,,,
1922-02-01,4.5238,,16.0,,,,,
1922-03-01,4.7662,,16.0,,,,,
1922-04-01,4.6046,,16.1,,,,,
1922-05-01,4.847,,16.6,,,,,
1922-06-01,5.0893,,16.6,,,,,
1922-07-01,5.0893,,17.1,,,,,
1922-08-01,4.9816,,17.0,,,,,
1922-09-01,5.2509,,17.1,,,,,
1922-10-01,5.5471,,17.2,,,,,
1922-11-01,5.7894,,17.3,,,,,
1922-12-01,5.951,,17.3,,,,,
1923-01-01,5.8163,,17.6,,,,,
1923-02-01,5.8971,,17.8,,,,,
1923-03-01,6.0856,,18.0,,,,,
1923-04-01,6.2203,,17.9,,,,,
1923-05-01,6.301,,17.5,,,,,
1923-06-01,6.2472,,17.3,,,,,
1923-07-01,6.1933,,17.0,,,,,
1923-08-01,6.0856,,16.9,,,,,
1923-09-01,5.951,,17.2,,,,,
1923-10-01,5.9241,,17.1,,,,,
1923-11-01,5.9241,,17.0,,,,,
1923-12-01,5.7894,,16.9,,,,,
1924-01-01,5.924,,17.2,,,,,
1924-02-01,6.0318,,17.2,,,,,
1924-03-01,5.9241,,17.0,,,,,
1924-04-01,5.7356,,16.7,,,,,
1924-05-01,5.4932,,16.5,,,,,
1924-06-01,5.2509,,16.4,,,,,
1924-07-01,5.1701,,16.5,,,,,
1924-08-01,5.3586,,16.7,,,,,
1924-09-01,5.5471,,16.7,,,,,
1924-10-01,5.6817,,16.9,,,,,
1924-11-01,5.7894,,17.1,,,,,
1924-12-01,5.951,,17.5,,,,,
1925-01-01,6.1395,,17.7,,,,,
1925-02-01,6.1395,,17.9,,,,,
1925-03-01,6.1395,,17.9,,,,,
1925-04-01,6.1933,,17.5,,,,,
1925-05-01,6.1664,,17.5,,,,,
1925-06-01,6.1125,,17.7,,,,,
1925-07-01,6.2741,,18.0,,,,,
1925-08-01,6.1664,,17.9,,,,,
1925-09-01,6.0856,,17.8,,,,,
1925-10-01,6.328,,17.8,,,,,
1925-11-01,6.4626,,18.0,,,,,
1925-12-01,6.5434,,17.8,,,,,
1926-01-01,6.4357,,17.8,,,,,
1926-02-01,6.4357,,17.6,,,,,
1926-03-01,6.5165,,17.3,,,,,
1926-04-01,6.5165,,17.3,,,,,
1926-05-01,6.4626,,17.3,,,,,
1926-06-01,6.5434,,17.3,,,,,
1926-07-01,6.5703,,17.1,,,,,
1926-08-01,6.6511,,17.1,,,,,
1926-09-01,6.7588,,17.2,,,,,
1926-10-01,6.7588,,17.1,,,,,
1926-11-01,6.7319,,17.0,,,,,
1926-12-01,6.705,,16.9,,,,,
1927-01-01,6.678,,16.4,,,,,
1927-02-01,6.7319,,16.6,,,,,
1927-03-01,6.8127,,16.5,,,,,
1927-04-01,6.6511,,16.3,,,,,
1927-05-01,6.705,,16.2,,,,,
1927-06-01,6.678,,16.2,,,,,
1927-07-01,6.5972,,16.2,,,,,
1927-08-01,6.5972,,16.4,,,,,
1927-09-01,6.4895,,16.6,,,,,
1927-10-01,6.3549,,16.7,,,,,
1927-11-01,6.3549,,16.6,,,,,
1927-12-01,6.3818,,16.6,,,,,
1928-01-01,6.5165,,16.6,,,,,
1928-02-01,6.5703,,16.5,,,,,
1928-03-01,6.6242,,16.5,,,,,
1928-04-01,6.5972,,16.7,,,,,
1928-05-01,6.678,,16.8,,,,,
1928-06-01,6.7319,,16.7,,,,,
1928-07-01,6.8127,,16.8,,,,,
1928-08-01,6.9473,,16.8,,,,,
1928-09-01,7.0012,,17.0,,,,,
1928-10-01,7.1358,,16.7,,,,,
1928-11-01,7.2704,,16.5,,,,,
1928-12-01,7.4051,,16.5,,,,,
1929-01-01,7.5128,,16.5,,,,,
1929-02-01,7.4858,,16.4,,,,,
1929-03-01,7.5128,,16.6,,,,,
1929-04-01,7.6474,,16.5,,,,,
1929-05-01,7.7821,,16.3,,,,,
1929-06-01,7.8359,,16.4,,,,,
1929-07-01,7.9436,,16.6,,,,,
1929-08-01,7.8628,,16.6,,,,,
1929-09-01,7.809,,16.6,,,,,
1929-10-01,7.6743,,16.4,,,,,
1929-11-01,7.2974,,16.1,,,,,
1929-12-01,6.9742,,16.1,,,,,
1930-01-01,6.9742,,15.9,,,,,
1930-02-01,6.9473,,15.7,,,,,
1930-03-01,6.8396,,15.5,,,,,
1930-04-01,6.7857,,15.5,,,,,
1930-05-01,6.678,,15.3,,,,,
1930-06-01,6.4895,,15.0,,,,,
1930-07-01,6.1933,,14.5,,,,,
1930-08-01,6.0587,,14.5,,,,,
1930-09-01,5.951,,14.5,,,,,
1930-10-01,5.7894,,14.3,,,,,
1930-11-01,5.6548,,14.0,,,,,
1930-12-01,5.5201,,13.7,,,,,
1931-01-01,5.4932,,13.5,,,,,
1931-02-01,5.5201,,13.2,,,,,
1931-03-01,5.6279,,13.1,,,,,
1931-04-01,5.6548,,12.9,,,,,
1931-05-01,5.574,,12.6,,,,,
1931-06-01,5.4394,,12.4,,,,,
1931-07-01,5.3586,,12.4,,,,,
1931-08-01,5.1701,,12.4,,,,,
1931-09-01,4.9277,,12.3,,,,,
1931-10-01,4.7392,,12.1,,,,,
1931-11-01,4.6854,,12.1,,,,,
1931-12-01,4.6585,,11.8,,,,,
1932-01-01,4.5238,,11.6,,,,,
1932-02-01,4.4161,,11.4,,,,,
1932-03-01,4.3623,,11.4,,,,,
1932-04-01,4.0661,,11.3,,,,,
1932-05-01,3.9314,,11.1,,,,,
1932-06-01,3.7968,,11.0,,,,,
1932-07-01,3.6891,,11.1,,,,,
1932-08-01,3.7968,,11.2,,,,,
1932-09-01,4.0391,,11.3,,,,,
1932-10-01,4.1738,,11.1,,,,,
1932-11-01,4.1738,,11.0,,,,,
1932-12-01,4.093,,10.8,,,,,
1933-01-01,4.0122,,10.5,,,,,
1933-02-01,4.0391,,10.3,,,,,
1933-03-01,3.7968,,10.4,,,,,
1933-04-01,4.0661,,10.4,,,,,
1933-05-01,4.7392,,10.8,,,,,
1933-06-01,5.4663,,11.2,,,,,
1933-07-01,5.9779,,11.9,,,,,
1933-08-01,5.7356,,12.0,,,,,
1933-09-01,5.4124,,12.2,,,,,
1933-10-01,5.1432,,12.3,,,,,
1933-11-01,4.847,,12.3,,,,,
1933-12-01,4.8739,,12.2,,,,,
1934-01-01,5.0354,,12.4,,,,,
1934-02-01,5.2778,,12.7,,,,,
1934-03-01,5.5201,,12.7,,,,,
1934-04-01,5.5201,,12.7,,,,,
1934-05-01,5.6278,,12.7,,,,,
1934-06-01,5.5201,,12.9,,,,,
1934-07-01,5.1432,,12.9,,,,,
1934-08-01,5.0893,,13.2,,,,,
1934-09-01,4.7931,,13.4,,,,,
1934-10-01,5.0085,,13.2,,,,,
1934-11-01,5.0624,,13.2,,,,,
1934-12-01,5.3855,,13.3,,,,,
1935-01-01,5.8163,,13.6,,,,,
1935-02-01,5.9241,,13.7,,,,,
1935-03-01,5.8971,,13.7,,,,,
1935-04-01,5.7894,,13.8,,,,,
1935-05-01,5.7894,,13.8,,,,,
1935-06-01,5.8702,,13.8,,,,,
1935-07-01,5.8702,,13.7,,,,,
1935-08-01,6.0856,,13.9,,,,,
1935-09-01,6.2472,,13.9,,,,,
1935-10-01,6.4357,,13.9,,,,,
1935-11-01,6.5703,,13.9,,,,,
1935-12-01,6.6511,,14.0,,,,,
1936-01-01,6.5434,,13.9,,,,,
1936-02-01,6.3818,,13.9,,,,,
1936-03-01,6.4626,,13.7,,,,,
1936-04-01,6.8665,,13.7,,,,,
1936-05-01,7.0012,,13.5,,,,,
1936-06-01,7.1358,,13.7,,,,,
1936-07-01,7.2704,,13.9,,,,,
1936-08-01,7.3781,,14.0,,,,,
1936-09-01,7.5128,,14.0,,,,,
1936-10-01,7.6205,,14.0,,,,,
1936-11-01,7.8359,,14.2,,,,,
1936-12-01,8.0783,,14.5,,,,,
1937-01-01,8.0513,,14.8,,,,,
1937-02-01,8.159,,14.9,,,,,
1937-03-01,8.3475,,15.1,,,,,
1937-04-01,8.3475,,15.2,,,,,
1937-05-01,8.3745,,15.1,,,,,
1937-06-01,8.2667,,15.0,,,,,
1937-07-01,8.3206,,15.2,,,,,
1937-08-01,8.2667,,15.1,,,,,
1937-09-01,7.9975,,15.1,,,,,
1937-10-01,7.4051,,14.7,,,,,
1937-11-01,6.678,,14.4,,,,,
1937-12-01,6.0856,,14.1,,,,,
1938-01-01,5.951,,14.0,,,,,
1938-02-01,5.8971,,13.8,,,,,
1938-03-01,5.8971,,13.7,,,,,
1938-04-01,5.7894,,13.5,,,,,
1938-05-01,5.6548,,13.5,,,,,
1938-06-01,5.7086,,13.5,,,,,
1938-07-01,6.0318,,13.6,,,,,
1938-08-01,6.3549,,13.4,,,,,
1938-09-01,6.5434,,13.5,,,,,
1938-10-01,6.705,,13.4,,,,,
1938-11-01,6.9742,,13.4,,,,,
1938-12-01,7.055,,13.3,,,,,
1939-01-01,7.055,,13.3,,,,,
1939-02-01,7.1089,,13.3,,,,,
1939-03-01,7.1358,,13.2,,,,,
1939-04-01,7.1089,,13.1,,,,,
1939-05-01,7.0819,,13.1,,,,,
1939-06-01,7.2435,,13.0,,,,,
1939-07-01,7.4589,,13.0,,,,,
1939-08-01,7.5666,,12.9,,,,,
1939-09-01,8.0244,,13.6,,,,,
1939-10-01,8.4283,,13.7,,,,,
1939-11-01,8.6437,,13.6,,,,,
1939-12-01,8.6437,,13.7,,,,,
1940-01-01,8.536,,13.7,,,,,
1940-02-01,8.2667,,13.6,,,,,
1940-03-01,8.0783,,13.5,,,,,
1940-04-01,8.2398,,13.5,,,,,
1940-05-01,8.4822,,13.5,,,,,
1940-06-01,8.7514,,13.4,,,,,
1940-07-01,8.8592,,13.4,,,,,
1940-08-01,8.913,,13.4,,,,,
1940-09-01,9.1015,,13.4,,,,,
1940-10-01,9.2361,,13.6,,,,,
1940-11-01,9.4516,,13.7,,,,,
1940-12-01,9.7747,,13.8,,,,,
1941-01-01,10.017,,13.9,,,,,
1941-02-01,10.3132,,13.9,,,,,
1941-03-01,10.6364,,14.0,,,,,
1941-04-01,10.6633,,14.4,,,,,
1941-05-01,11.148,,14.6,,,,,
1941-06-01,11.2288,,15.0,,,,,
1941-07-01,11.3634,,15.3,,,,,
1941-08-01,11.4981,,15.6,,,,,
1941-09-01,11.4981,,15.8,,,,,
1941-10-01,11.6058,,15.9,,,,,
1941-11-01,11.6596,,15.9,,,,,
1941-12-01,11.8481,,16.2,,,,,
1942-01-01,12.0905,,16.5,,,,,
1942-02-01,12.3059,,16.7,,,,,
1942-03-01,12.4405,,16.8,,,,,
1942-04-01,12.0905,,17.0,,,,,
1942-05-01,12.1174,,17.0,,,,,
1942-06-01,12.1443,,17.0,,,,,
1942-07-01,12.4405,,17.0,,,,,
1942-08-01,12.8175,,17.1,,,,,
1942-09-01,13.1137,,17.2,,,,,
1942-10-01,13.5445,,17.2,,,,,
1942-11-01,13.8677,,17.3,,,,,
1942-12-01,14.1908,,17.4,,,,,
1943-01-01,14.3255,,17.5,,,,,
1943-02-01,14.7024,,17.7,,,,,
1943-03-01,14.8102,,17.8,,,,,
1943-04-01,14.9986,,17.9,,,,,
1943-05-01,15.1063,,17.9,,,,,
1943-06-01,15.0256,,17.9,,,,,
1943-07-01,15.4833,,17.8,,,,,
1943-08-01,15.8064,,17.8,,,,,
1943-09-01,16.2104,,17.8,,,,,
1943-10-01,16.4527,,17.8,,,,,
1943-11-01,16.6681,,17.7,,,,,
1943-12-01,16.4527,,17.8,,,,,
1944-01-01,16.6412,,17.8,,,,,
1944-02-01,16.7758,,17.8,,,,,
1944-03-01,16.7489,,17.9,,,,,
1944-04-01,16.7489,,17.9,,,,,
1944-05-01,16.6412,,17.9,,,,,
1944-06-01,16.5874,,18.0,,,,,
1944-07-01,16.5604,,17.9,,,,,
1944-08-01,16.7758,,17.9,,,,,
1944-09-01,16.6681,,17.9,,,,,
1944-10-01,16.722,,17.9,,,,,
1944-11-01,16.5873,,18.0,,,,,
1944-12-01,16.5335,,18.0,,,,,
1945-01-01,16.3719,,18.1,,,,,
1945-02-01,16.3181,,18.1,,,,,
1945-03-01,16.2104,,18.1,,,,,
1945-04-01,15.9142,,18.2,,,,,
1945-05-01,15.4833,,18.3,,,,,
1945-06-01,15.1333,,18.3,,,,,
1945-07-01,14.7832,,18.3,,,,,
1945-08-01,13.2483,,18.2,,,,,
1945-09-01,12.0635,,18.1,,,,,
1945-10-01,11.5788,,18.2,,,,,
1945-11-01,12.0097,,18.4,,,,,
1945-12-01,12.0635,,18.4,,,,,
1946-01-01,11.3903,,18.4,,,,,
1946-02-01,10.8249,,18.5,,,,,
1946-03-01,11.9558,,18.8,,,,,
1946-04-01,11.7404,,19.0,,,,,
1946-05-01,11.3096,,19.1,,,,,
1946-06-01,12.0097,,19.4,,,,,
1946-07-01,12.4136,,21.5,,,,,
1946-08-01,12.8714,,22.2,,,,,
1946-09-01,13.1137,,21.4,,,,,
1946-10-01,13.356,,23.1,,,,,
1946-11-01,13.4368,,24.1,,,,,
1946-12-01,13.5176,,24.3,,,,,
1947-01-01,13.6792,,24.5,21.48,,,,
1947-02-01,13.76,,24.7,21.62,,,,
1947-03-01,13.8407,,25.3,22.0,,,,
1947-04-01,13.733,,25.1,22.0,,,,
1947-05-01,13.7869,,25.0,21.95,,,,
1947-06-01,13.7869,,25.0,22.08,,,,
1947-07-01,13.7061,,25.3,22.23,,,,
1947-08-01,13.7869,,25.6,22.4,,,,
1947-09-01,13.8946,,26.1,22.84,,,,
1947-10-01,14.0292,,26.4,22.91,,,,
1947-11-01,14.2177,,26.7,23.06,,,,
1947-12-01,14.2716,,27.2,23.41,,,,
1948-01-01,14.3524,,27.7,23.68,,,,
1948-02-01,14.3793,,27.2,23.67,,,,
1948-03-01,14.2177,,27.2,23.5,,,,
1948-04-01,14.2447,,27.4,23.82,,,,
1948-05-01,14.487,,27.5,24.01,,,,
1948-06-01,14.6755,,27.7,24.15,,,,
1948-07-01,14.6755,,28.0,24.4,,,,
1948-08-01,14.6216,,28.2,24.43,,,,
1948-09-01,14.5139,,28.1,24.36,,,,
1948-10-01,14.6217,,27.8,24.31,,,,
1948-11-01,14.4332,,27.8,24.16,,,,
1948-12-01,14.2985,,27.6,24.05,,,,
1949-01-01,14.1639,,27.3,24.01,,,,
1949-02-01,14.0292,,26.8,23.91,,,,
1949-03-01,13.76,,26.8,23.91,,,,
1949-04-01,13.6792,,26.5,23.92,,,,
1949-05-01,13.4907,,26.3,23.91,,,,
1949-06-01,13.4638,,26.0,23.92,,,,
1949-07-01,13.4368,,26.0,23.7,,,,
1949-08-01,13.5715,,26.0,23.7,,,,
1949-09-01,13.7061,,26.1,23.75,,,,
1949-10-01,13.1945,,26.0,23.67,,,,
1949-11-01,13.5446,,26.0,23.7,,,,
1949-12-01,13.7869,,25.9,23.61,,,,
1950-01-01,14.0292,,25.9,23.51,,,,
1950-02-01,14.0831,,26.1,23.61,,,,
1950-03-01,14.5409,,26.1,23.64,,,,
1950-04-01,15.0255,,26.1,23.65,,,,
1950-05-01,15.3756,,26.4,23.77,,,,
1950-06-01,15.8334,,26.6,23.88,,,,
1950-07-01,16.345,,27.3,24.07,,,,
1950-08-01,16.8566,,27.9,24.2,,,,
1950-09-01,16.7489,,28.4,24.34,,,,
1950-10-01,16.8566,,28.6,24.5,,,,
1950-11-01,16.8297,,29.0,24.6,,,,
1950-12-01,17.1259,,29.7,24.98,,,,
1951-01-01,17.1797,,30.5,25.38,,,,
1951-02-01,17.2875,,30.9,25.83,,,,
1951-03-01,17.3682,,30.9,25.88,,,,
1951-04-01,17.3952,,30.8,25.92,,,,
1951-05-01,17.3413,,30.7,25.99,,,,
1951-06-01,17.2605,,30.5,25.93,,,,
1951-07-01,16.9913,,30.3,25.91,,,,
1951-08-01,16.8297,,30.1,25.86,,,,
1951-09-01,16.9374,,30.1,26.03,,,,
1951-10-01,16.9105,,30.1,26.16,,,,
1951-11-01,17.0451,,30.1,26.32,,,,
1951-12-01,17.1528,,30.1,26.47,,,,
1952-01-01,17.3413,,30.0,26.45,,,,
1952-02-01,17.449,,29.8,26.41,,,,
1952-03-01,17.5029,,29.8,26.39,,,,
1952-04-01,17.3413,,29.6,26.46,,,,
1952-05-01,17.1798,,29.6,26.47,,,,
1952-06-01,17.0182,,29.5,26.53,,,,
1952-07-01,16.7489,,29.6,26.68,,,,
1952-08-01,17.826,,29.8,26.69,,,,
1952-09-01,18.4723,,29.6,26.63,,,,
1952-10-01,18.6608,,29.5,26.69,,,,
1952-11-01,19.0378,,29.3,26.69,,,,
1952-12-01,19.1455,,29.1,26.71,,,,
1953-01-01,19.1993,,29.1,26.64,,,,
1953-02-01,19.307,,29.1,26.59,,,,
1953-03-01,19.4686,,29.2,26.63,,,,
1953-04-01,19.5494,,29.0,26.69,,,,
1953-05-01,19.6571,,29.1,26.7,,,,
1953-06-01,19.5763,,29.0,26.77,,,,
1953-07-01,19.8187,,29.4,26.79,,,,
1953-08-01,19.7109,,29.3,26.85,,,,
1953-09-01,19.307,,29.4,26.89,,,,
1953-10-01,19.1455,,29.2,26.95,,,,
1953-11-01,18.6877,,29.1,26.85,,,,
1953-12-01,18.2299,,29.2,26.87,,,,
1954-01-01,18.0953,,29.4,26.94,,,,
1954-02-01,18.1492,,29.3,26.99,,,,
1954-03-01,18.0414,,29.3,26.93,,,,
1954-04-01,17.9337,,29.4,26.86,,,,
1954-05-01,18.0414,,29.4,26.93,,,,
1954-06-01,18.0953,,29.2,26.94,,,,
1954-07-01,18.1222,,29.3,26.86,,,,
1954-08-01,18.0953,,29.3,26.85,,,,
1954-09-01,18.1222,,29.2,26.81,,,,
1954-10-01,18.3377,,29.1,26.72,,,,
1954-11-01,18.6338,,29.2,26.78,,,,
1954-12-01,18.8762,,29.0,26.77,,,,
1955-01-01,19.307,,29.2,26.77,,,,
1955-02-01,19.5494,,29.3,26.82,,,,
1955-03-01,20.0071,,29.2,26.79,,,,
1955-04-01,20.2495,,29.3,26.79,,,,
1955-05-01,20.5726,,29.1,26.77,,,,
1955-06-01,20.5996,,29.3,26.71,,,,
1955-07-01,20.7611,,29.3,26.76,,,,
1955-08-01,20.7342,,29.4,26.72,,,,
1955-09-01,20.8688,,29.6,26.85,,,,
1955-10-01,21.2189,,29.6,26.82,,,,
1955-11-01,21.2727,,29.5,26.88,,,,
1955-12-01,21.3535,,29.5,26.87,,,,
1956-01-01,21.4882,,29.7,26.83,,,,
1956-02-01,21.2997,,29.8,26.86,,,,
1956-03-01,21.2997,,29.9,26.89,,,,
1956-04-01,21.4612,,30.1,26.93,,,,
1956-05-01,21.2728,,30.3,27.03,,,,
1956-06-01,21.0843,,30.3,27.15,,,,
1956-07-01,20.438,,30.2,27.29,,,,
1956-08-01,21.2727,,30.4,27.31,,,,
1956-09-01,21.7574,,30.6,27.35,,,,
1956-10-01,21.9459,,30.6,27.51,,,,
1956-11-01,21.7574,,30.7,27.51,,,,
1956-12-01,22.0806,,30.8,27.63,,,,
1957-01-01,21.9998,,31.0,27.67,,,,
1957-02-01,22.2152,,31.0,27.8,,,,
1957-03-01,22.1883,,31.0,27.86,,,,
1957-04-01,21.8921,,31.1,27.93,,,,
1957-05-01,21.8113,,31.0,28.0,,,,
1957-06-01,21.8652,,31.1,28.11,,,,
1957-07-01,21.9998,,31.3,28.19,,,,
1957-08-01,21.9998,,31.4,28.28,,,,
1957-09-01,21.8113,,31.3,28.32,,,,
1957-10-01,21.4882,,31.2,28.32,,,,
1957-11-01,20.9765,,31.3,28.41,,,,
1957-12-01,20.5726,,31.4,28.47,,,,
1958-01-01,20.1956,,31.5,28.64,,,,
1958-02-01,19.7648,,31.5,28.7,,,,
1958-03-01,19.5225,,31.7,28.87,,,,
1958-04-01,19.1993,,31.6,28.94,,,,
1958-05-01,19.3878,,31.7,28.94,,,,
1958-06-01,19.8994,,31.6,28.91,,,,
1958-07-01,20.1956,,31.6,28.89,,,,
1958-08-01,20.5995,,31.6,28.94,,,,
1958-09-01,20.7881,,31.6,28.91,,,,
1958-10-01,21.0304,,31.5,28.91,,,,
1958-11-01,21.6497,,31.6,28.95,,,,
1958-12-01,21.6767,,31.6,28.97,,,,
1959-01-01,21.9998,,31.7,29.01,2318.4,175818.0,,
1959-02-01,22.4306,,31.7,29.0,2325.4,176044.0,,
1959-03-01,22.7538,,31.7,28.97,2338.7,176274.0,,
1959-04-01,23.2384,,31.8,28.98,2353.8,176503.0,,
1959-05-01,23.5885,,31.8,29.04,2366.6,176723.0,,
1959-06-01,23.6155,,31.7,29.11,2374.5,176954.0,,
1959-07-01,23.05,,31.7,29.15,2370.8,177208.0,,
1959-08-01,22.2691,,31.6,29.18,2356.8,177479.0,,
1959-09-01,22.2421,,31.7,29.25,2357.8,177755.0,,
1959-10-01,22.0806,,31.6,29.35,2359.5,178026.0,,
1959-11-01,22.2152,,31.5,29.35,2376.6,178273.0,,
1959-12-01,23.5885,,31.5,29.41,2399.7,178504.0,,
1960-01-01,24.2078,,31.6,29.37,2404.9,178925.0,,
1960-02-01,23.9924,,31.6,29.41,2405.3,179326.0,,
1960-03-01,23.777,,31.8,29.41,2408.1,179707.0,,
1960-04-01,23.5885,,31.8,29.54,2417.3,180067.0,,
1960-05-01,23.5616,,31.7,29.57,2422.6,180408.0,,
1960-06-01,23.2654,,31.7,29.61,2424.9,180728.0,,
1960-07-01,23.1846,,31.7,29.55,2428.8,181028.0,,
1960-08-01,23.1577,,31.6,29.61,2423.3,181308.0,,
1960-09-01,22.9153,,31.6,29.61,2426.7,181567.0,,
1960-10-01,22.8884,,31.7,29.75,2435.6,181807.0,,
1960-11-01,22.5653,,31.7,29.78,2425.5,182026.0,,
1960-12-01,22.1344,,31.7,29.81,2414.6,182225.0,,
1961-01-01,22.1613,,31.8,29.84,2437.9,182404.0,,
1961-02-01,22.1344,,31.8,29.84,2448.1,182631.0,,
1961-03-01,22.2691,,31.8,29.84,2458.4,182867.0,,
1961-04-01,22.7268,,31.6,29.81,2463.4,183105.0,,
1961-05-01,23.0769,,31.5,29.84,2483.5,183335.0,,
1961-06-01,23.4,,31.3,29.84,2509.1,183572.0,,
1961-07-01,23.6693,,31.5,29.92,2517.6,183825.0,,
1961-08-01,23.8847,,31.5,29.94,2517.7,184101.0,,
1961-09-01,23.8578,,31.5,29.98,2519.9,184384.0,,
1961-10-01,24.3156,,31.5,29.98,2546.6,184654.0,,
1961-11-01,24.6926,,31.5,29.98,2570.1,184900.0,,
1961-12-01,24.908,,31.6,30.01,2585.8,185129.0,,
1962-01-01,24.6925,,31.7,30.04,2579.4,185347.0,,
1962-02-01,25.0964,,31.7,30.11,2590.9,185551.0,,
1962-03-01,25.2311,,31.7,30.17,2608.1,185762.0,,
1962-04-01,25.285,,31.6,30.21,2619.6,185981.0,,
1962-05-01,25.258,,31.5,30.24,2621.1,186201.0,,
1962-06-01,25.2042,,31.5,30.21,2621.6,186426.0,,
1962-07-01,25.4465,,31.6,30.22,2633.0,186664.0,,
1962-08-01,25.4734,,31.6,30.28,2635.5,186924.0,,
1962-09-01,25.635,,31.9,30.42,2636.3,187191.0,,
1962-10-01,25.6619,,31.7,30.38,2649.3,187449.0,,
1962-11-01,25.7696,,31.7,30.38,2656.5,187685.0,,
1962-12-01,25.7696,,31.6,30.38,2669.0,187905.0,,
1963-01-01,25.9581,,31.6,30.44,2688.2,188113.0,,
1963-02-01,26.2544,,31.5,30.48,2672.3,188300.0,,
1963-03-01,26.4159,,31.5,30.51,2683.6,188484.0,,
1963-04-01,26.6582,,31.4,30.48,2694.6,188685.0,,
1963-05-01,26.9814,,31.5,30.51,2705.0,188904.0,,
1963-06-01,27.0622,,31.6,30.61,2718.6,189130.0,,
1963-07-01,26.9545,,31.7,30.69,2721.6,189369.0,,
1963-08-01,27.0083,,31.6,30.75,2732.5,189629.0,,
1963-09-01,27.2776,,31.6,30.72,2752.9,189895.0,,
1963-10-01,27.4661,,31.6,30.75,2768.9,190147.0,,
1963-11-01,27.6007,,31.7,30.78,2774.7,190369.0,,
1963-12-01,27.5469,,31.6,30.88,2797.1,190570.0,,
1964-01-01,27.7892,,31.8,30.94,2806.4,190763.0,,
1964-02-01,27.9777,,31.6,30.91,2815.3,190953.0,,
1964-03-01,27.9777,,31.6,30.94,2882.1,191146.0,,
1964-04-01,28.4355,,31.6,30.95,2897.7,191346.0,,
1964-05-01,28.597,,31.5,30.98,2912.9,191557.0,,
1964-06-01,28.6778,,31.5,31.01,2922.5,191778.0,,
1964-07-01,28.8663,,31.6,31.02,2936.4,192010.0,,
1964-08-01,29.0548,,31.6,31.05,2949.4,192254.0,,
1964-09-01,29.1625,,31.7,31.08,2961.1,192504.0,,
1964-10-01,28.7586,,31.7,31.12,2960.2,192739.0,,
1964-11-01,29.6472,,31.7,31.21,2979.4,192943.0,,
1964-12-01,29.9973,,31.7,31.25,3008.0,193131.0,,
1965-01-01,30.3204,,31.8,31.28,3013.8,193308.0,,
1965-02-01,30.5089,,31.9,31.28,3014.5,193467.0,,
1965-03-01,30.9128,,31.9,31.31,3024.6,193625.0,,
1965-04-01,31.0474,,32.0,31.38,3027.8,193799.0,,
1965-05-01,31.2898,,32.1,31.48,3061.4,193988.0,,
1965-06-01,31.5321,,32.4,31.61,3065.8,194195.0,,
1965-07-01,31.8283,,32.4,31.58,3097.8,194416.0,,
1965-08-01,31.963,,32.4,31.55,3113.1,194645.0,,
1965-09-01,32.0438,,32.4,31.62,3194.5,194879.0,,
1965-10-01,32.3669,,32.5,31.65,3178.9,195096.0,,
1965-11-01,32.5015,,32.6,31.75,3201.4,195284.0,,
1965-12-01,32.9054,,32.8,31.85,3214.6,195456.0,,
1966-01-01,33.2286,,32.9,31.88,3216.8,195614.0,,
1966-02-01,33.444,,33.2,32.08,3230.2,195760.0,,
1966-03-01,33.9018,,33.2,32.18,3242.8,195915.0,,
1966-04-01,33.9556,,33.2,32.28,3230.5,196089.0,,
1966-05-01,34.2787,,33.2,32.35,3235.7,196275.0,,
1966-06-01,34.4403,,33.3,32.38,3249.2,196466.0,,
1966-07-01,34.6288,,33.5,32.45,3260.4,196661.0,,
1966-08-01,34.6557,,33.6,32.65,3277.2,196873.0,,
1966-09-01,34.9789,,33.6,32.75,3296.6,197096.0,,
1966-10-01,35.2212,,33.4,32.85,3307.3,197303.0,,
1966-11-01,34.9788,,33.3,32.88,3322.5,197485.0,,
1966-12-01,35.0596,,33.3,32.92,3319.6,197654.0,,
1967-01-01,35.225,,33.4,32.9,3353.7,197814.0,,
1967-02-01,34.8255,,33.4,33.0,3360.2,197965.0,,
1967-03-01,34.6292,,33.3,33.0,3385.5,198122.0,,
1967-04-01,34.9558,,33.1,33.1,3384.5,198287.0,,
1967-05-01,34.6508,,33.3,33.1,3391.3,198452.0,,
1967-06-01,34.6465,,33.5,33.3,3403.8,198627.0,,
1967-07-01,34.5676,,33.5,33.4,3417.4,198812.0,,
1967-08-01,35.2299,,33.4,33.5,3429.7,199012.0,,
1967-09-01,35.1727,,33.4,33.6,3429.3,199212.0,,
1967-10-01,35.4591,,33.4,33.7,3434.5,199405.0,,
1967-11-01,35.9663,,33.4,33.9,3455.3,199578.0,,
1967-12-01,36.3536,,33.7,34.0,3461.6,199733.0,,
1968-01-01,36.3145,,33.8,34.1,3480.2,199864.0,,
1968-02-01,36.4446,,34.0,34.2,3505.4,199988.0,,
1968-03-01,36.5584,,34.1,34.3,3538.4,200132.0,,
1968-04-01,36.6113,,34.1,34.4,3550.7,200285.0,,
1968-05-01,37.022,,34.2,34.5,3565.2,200449.0,,
1968-06-01,37.158,,34.2,34.7,3581.3,200621.0,,
1968-07-01,37.101,,34.3,34.9,3573.9,200802.0,,
1968-08-01,37.2045,,34.2,35.0,3578.5,200997.0,,
1968-09-01,37.3454,,34.4,35.1,3578.9,201193.0,,
1968-10-01,37.4196,,34.4,35.3,3591.7,201378.0,,
1968-11-01,37.9036,,34.5,35.4,3605.1,201544.0,,
1968-12-01,38.0233,,34.6,35.6,3617.6,201691.0,,
1969-01-01,38.2533,,34.8,35.7,3611.0,201821.0,,
1969-02-01,38.4981,,35.0,35.8,3611.8,201952.0,,
1969-03-01,38.8,,35.2,36.1,3618.3,202092.0,,
1969-04-01,38.6573,,35.3,36.3,3613.0,202246.0,,
1969-05-01,38.5111,,35.5,36.4,3654.1,202419.0,,
1969-06-01,38.8874,,35.7,36.6,3679.9,202592.0,,
1969-07-01,39.0927,,35.8,36.8,3705.6,202777.0,,
1969-08-01,39.1825,,35.7,36.9,3728.3,202984.0,,
1969-09-01,39.1737,,35.8,37.1,3736.6,203196.0,,
1969-10-01,39.1852,,35.9,37.3,3745.4,203401.0,,
1969-11-01,38.8158,,36.1,37.5,3751.9,203588.0,,
1969-12-01,38.7116,,36.3,37.7,3758.6,203762.0,,
1970-01-01,37.9948,,36.5,37.9,3778.6,203929.0,,
1970-02-01,37.9698,,36.7,38.1,3790.5,204082.0,,
1970-03-01,37.9205,,36.7,38.3,3805.0,204246.0,,
1970-04-01,37.823,,36.8,38.5,3846.0,204504.0,,
1970-05-01,37.7789,,36.8,38.6,3830.3,204719.0,,
1970-06-01,37.6567,,36.9,38.8,3838.2,204941.0,,
1970-07-01,37.7491,,37.1,38.9,3892.6,205174.0,,
1970-08-01,37.6818,,36.9,39.0,3905.1,205418.0,,
1970-09-01,37.4221,,37.1,39.2,3900.8,205664.0,,
1970-10-01,36.6735,,37.1,39.4,3888.1,205906.0,,
1970-11-01,36.4514,,37.1,39.6,3882.3,206131.0,,
1970-12-01,37.2885,,37.1,39.8,3900.0,206352.0,,
1971-01-01,37.5753,,37.3,39.9,3959.8,206567.0,,
1971-02-01,37.5037,,37.7,39.9,3965.2,206762.0,,
1971-03-01,37.4631,,37.8,40.0,3978.2,206960.0,,
1971-04-01,37.6735,,37.9,40.1,3986.5,207163.0,,
1971-05-01,37.8646,,38.1,40.3,4002.6,207361.0,,
1971-06-01,38.0234,,38.2,40.5,4087.3,207562.0,,
1971-07-01,37.9131,,38.3,40.6,4029.1,207771.0,,
1971-08-01,37.693,,38.5,40.7,4043.3,207998.0,,
1971-09-01,38.3056,,38.3,40.8,4067.3,208230.0,,
1971-10-01,38.5924,,38.3,40.9,4080.4,208450.0,,
1971-11-01,38.7561,,38.3,41.0,4090.0,208648.0,,
1971-12-01,39.2035,,38.6,41.1,4110.9,208829.0,,
1972-01-01,40.1408,49.99,38.8,41.2,4090.1,208989.0,,
1972-02-01,40.5459,50.5369,39.2,41.4,4115.2,209137.0,,
1972-03-01,40.8263,50.583,39.2,41.4,4132.3,209299.0,,
1972-04-01,41.2348,50.7645,39.3,41.5,4130.6,209466.0,,
1972-05-01,41.2405,51.1221,39.5,41.6,4160.9,209635.0,,
1972-06-01,41.3497,51.8055,39.7,41.7,4174.2,209811.0,,
1972-07-01,41.3035,51.5831,40.0,41.8,4204.5,209986.0,,
1972-08-01,41.879,51.9085,40.1,41.9,4243.5,210177.0,,
1972-09-01,42.2132,52.278,40.2,42.1,4260.0,210379.0,,
1972-10-01,42.7494,52.6623,40.1,42.2,4366.9,210568.0,,
1972-11-01,43.2548,53.6092,40.3,42.4,4415.4,210739.0,,
1972-12-01,43.7367,54.1693,41.1,42.5,4435.1,210903.0,,
1973-01-01,44.0529,54.856,41.6,42.7,4411.9,211053.0,,
1973-02-01,44.6827,55.7089,42.4,43.0,4444.7,211187.0,,
1973-03-01,44.7045,55.5259,43.4,43.4,4461.0,211337.0,,
1973-04-01,44.6387,55.9384,43.6,43.7,4466.7,211499.0,,
1973-05-01,44.9429,56.2159,44.5,43.9,4475.0,211662.0,,
1973-06-01,45.0035,55.9625,45.5,44.2,4488.3,211828.0,,
1973-07-01,45.1636,56.3948,44.9,44.2,4499.0,212001.0,,
1973-08-01,45.1019,56.8533,47.5,45.0,4484.4,212191.0,,
1973-09-01,45.4624,56.758,46.7,45.2,4507.3,212382.0,,
1973-10-01,45.847,58.2983,46.3,45.6,4546.9,212555.0,,
1973-11-01,46.0553,58.5466,46.5,45.9,4554.1,212710.0,,
1973-12-01,45.923,58.6654,47.4,46.3,4537.2,212859.0,,
1974-01-01,45.6204,59.4806,49.0,46.8,4504.1,213003.0,,
1974-02-01,45.4759,59.8729,50.0,47.3,4470.2,213143.0,,
1974-03-01,45.4777,59.9168,50.6,47.8,4438.2,213286.0,,
1974-04-01,45.3451,60.1646,51.0,48.1,4435.1,213437.0,,
1974-05-01,45.7044,59.6816,51.8,48.6,4430.6,213600.0,,
1974-06-01,45.6238,59.3659,52.0,49.0,4421.7,213770.0,,
1974-07-01,45.7221,60.2954,54.0,49.3,4438.7,213948.0,,
1974-08-01,45.2366,59.148,55.9,49.9,4432.6,214144.0,,
1974-09-01,45.2365,59.3955,55.9,50.6,4428.0,214349.0,,
1974-10-01,45.1133,58.7157,56.9,51.0,4442.6,214538.0,,
1974-11-01,43.6278,56.4729,57.4,51.5,4419.0,214704.0,,
1974-12-01,42.0533,53.7077,57.3,51.9,4419.7,214857.0,,
1975-01-01,41.4676,53.1781,57.4,52.3,4417.4,214998.0,,
1975-02-01,40.5165,51.5001,57.2,52.6,4420.1,215132.0,,
1975-03-01,40.0638,50.1611,56.9,52.8,4424.1,215276.0,,
1975-04-01,40.1573,49.6366,57.5,53.0,4505.1,215438.0,,
1975-05-01,40.0253,49.6242,57.9,53.1,4765.1,215646.0,,
1975-06-01,40.2772,50.2192,58.0,53.5,4604.9,215871.0,,
1975-07-01,40.6994,50.7512,58.7,54.0,4533.9,216084.0,,
1975-08-01,41.0998,51.4823,59.0,54.2,4564.1,216294.0,,
1975-09-01,41.6304,52.5455,59.4,54.6,4575.2,216490.0,,
1975-10-01,41.8135,53.3923,59.8,54.9,4594.3,216679.0,,
1975-11-01,41.8697,53.5309,59.5,55.3,4590.9,216851.0,,
1975-12-01,42.4414,54.9321,59.7,55.6,4595.3,217013.0,,
1976-01-01,43.0012,54.9955,59.9,55.8,4625.1,217172.0,,12.814
1976-02-01,43.4229,56.4425,59.9,55.9,4653.7,217315.0,,13.34
1976-03-01,43.5168,56.6122,60.0,56.0,4667.6,217455.0,,13.378
1976-04-01,43.7327,57.1976,60.6,56.1,4673.7,217607.0,,13.223
1976-05-01,43.9186,56.9831,60.8,56.4,4673.8,217773.0,,12.962
1976-06-01,43.9637,57.5603,61.2,56.7,4678.3,217948.0,,13.051
1976-07-01,44.2141,57.9947,61.6,57.0,4705.1,218134.0,,13.466
1976-08-01,44.5182,58.5722,61.4,57.3,4714.6,218337.0,,12.953
1976-09-01,44.6721,59.1683,61.8,57.6,4715.6,218542.0,,13.61
1976-10-01,44.6585,59.1683,61.9,57.9,4707.4,218739.0,,12.823
1976-11-01,45.3392,59.5438,62.0,58.1,4749.8,218920.0,,13.332
1976-12-01,45.8294,60.4703,62.5,58.4,4767.9,219093.0,,14.527
1977-01-01,45.5087,60.2869,62.8,58.7,4758.3,219262.0,,14.396
1977-02-01,46.2277,61.614,63.5,59.3,4716.2,219424.0,,14.709
1977-03-01,46.8185,62.0563,64.1,59.6,4782.4,219594.0,,15.17
1977-04-01,47.2684,62.6085,64.9,60.0,4789.7,219772.0,,15.135
1977-05-01,47.6411,63.4349,65.2,60.2,4790.6,219953.0,,14.984
1977-06-01,48.0116,63.7579,65.0,60.5,4810.5,220143.0,,14.952
1977-07-01,48.073,63.4315,65.1,60.8,4841.6,220349.0,,14.641
1977-08-01,48.1205,63.5797,65.0,61.1,4861.2,220573.0,,14.859
1977-09-01,48.3189,63.7395,65.3,61.3,4887.8,220796.0,,14.65
1977-10-01,48.3871,63.506,65.6,61.6,4923.4,221007.0,,14.9
1977-11-01,48.4761,63.748,65.8,62.0,4962.7,221206.0,,14.799
1977-12-01,48.5629,64.2342,66.2,62.3,4983.5,221390.0,,15.175
1978-01-01,47.8481,64.9502,66.8,62.7,4962.0,221553.0,,13.704
1978-02-01,48.1044,63.4606,67.5,63.0,4991.5,221711.0,,14.363
1978-03-01,49.0265,63.3076,68.1,63.4,5033.0,221892.0,,15.166
1978-04-01,50.0206,64.849,69.0,63.9,5050.5,222084.0,,16.198
1978-05-01,50.254,66.2933,69.5,64.5,5047.2,222278.0,,16.298
1978-06-01,50.5801,67.0005,70.0,65.0,5047.5,222482.0,,16.348
1978-07-01,50.5384,66.9067,70.4,65.5,5072.8,222697.0,,15.528
1978-08-01,50.7458,66.8847,70.4,65.9,5094.2,222933.0,,16.045
1978-09-01,50.8744,67.3579,71.0,66.5,5095.8,223168.0,,14.641
1978-10-01,51.2559,67.188,71.8,67.1,5109.5,223383.0,,15.845
1978-11-01,51.6514,67.815,72.1,67.5,5114.1,223585.0,,15.484
1978-12-01,51.909,68.0798,72.7,67.9,5139.6,223781.0,,15.338
1979-01-01,51.6278,67.8164,73.8,68.5,5164.0,223973.0,,15.061
1979-02-01,51.8752,68.0331,74.9,69.2,5184.7,224150.0,,15.321
1979-03-01,52.0446,68.2718,75.8,69.9,5198.5,224333.0,,15.275
1979-04-01,51.4193,68.4297,76.9,70.6,5156.1,224529.0,,14.742
1979-05-01,51.8856,68.1621,77.5,71.4,5132.2,224734.0,,14.374
1979-06-01,51.8965,67.5994,78.0,72.2,5118.9,224948.0,,12.744
1979-07-01,51.8097,68.062,79.2,73.0,5156.2,225174.0,,14.112
1979-08-01,51.4684,67.7762,79.6,73.7,5163.7,225419.0,,14.344
1979-09-01,51.4597,66.2267,80.9,74.4,5159.3,225662.0,,14.292
1979-10-01,51.8334,67.1316,82.1,75.2,5156.6,225893.0,,13.112
1979-11-01,51.7531,67.3904,82.6,76.0,5171.2,226120.0,,13.025
1979-12-01,51.7878,67.1798,83.4,76.9,5182.2,226339.0,,13.496
1980-01-01,52.0679,67.0292,85.2,78.0,5218.8,226554.0,,14.439
1980-02-01,52.082,66.4161,86.9,79.0,5191.3,226753.0,,13.276
1980-03-01,51.87,65.6443,87.5,80.1,5159.0,226955.0,,12.077
1980-04-01,50.8397,65.1723,87.8,80.9,5153.4,227156.0,,10.444
1980-05-01,49.589,62.9037,88.3,81.7,5134.3,227387.0,,9.54
1980-06-01,48.9482,61.3782,88.7,82.5,5145.1,227624.0,,10.449
1980-07-01,48.6039,60.0862,90.3,82.6,5189.8,227840.0,,11.664
1980-08-01,48.7563,61.5962,91.5,83.2,5194.8,228070.0,,11.154
1980-09-01,49.5608,62.8943,91.7,83.9,5216.6,228302.0,,10.912
1980-10-01,50.1908,63.5931,92.8,84.7,5257.1,228515.0,,11.412
1980-11-01,51.0311,64.7289,93.2,85.6,5264.5,228696.0,,11.257
1980-12-01,51.3708,65.956,93.8,86.4,5288.4,228858.0,,10.939
1981-01-01,51.0415,65.7469,95.2,87.2,5267.1,229004.0,,11.282
1981-02-01,50.824,64.9896,96.1,88.0,5250.2,229148.0,,12.351
1981-03-01,51.0826,65.6584,97.0,88.6,5264.4,229314.0,,12.427
1981-04-01,50.858,65.9395,98.0,89.1,5249.0,229489.0,,10.49
1981-05-01,51.1495,66.0986,98.3,89.7,5258.8,229668.0,,10.354
1981-06-01,51.4101,66.1028,98.5,90.5,5287.2,229864.0,,10.415
1981-07-01,51.7471,66.3504,99.0,91.5,5370.5,230077.0,,10.428
1981-08-01,51.6826,65.0359,99.0,92.2,5386.1,230300.0,,12.681
1981-09-01,51.4337,65.3913,98.8,93.1,5376.3,230527.0,,11.08
1981-10-01,51.0281,64.2759,98.9,93.4,5382.3,230732.0,,9.418
1981-11-01,50.435,62.9893,98.8,93.8,5385.0,230906.0,,9.494
1981-12-01,49.8987,61.6046,98.8,94.1,5377.6,231073.0,,9.055
1982-01-01,48.8685,60.7799,99.7,94.4,5384.7,231235.0,,10.285
1982-02-01,49.8636,61.882,99.8,94.7,5399.5,231392.0,,10.924
1982-03-01,49.5323,61.5367,99.6,94.7,5398.9,231558.0,,10.651
1982-04-01,49.075,61.0257,99.6,95.0,5452.7,231727.0,,9.747
1982-05-01,48.7483,60.3323,99.8,95.9,5430.3,231901.0,,11.103
1982-06-01,48.6214,60.6583,100.0,97.0,5400.9,232090.0,,9.613
1982-07-01,48.4616,60.7362,100.4,97.5,5450.4,232290.0,,9.759
1982-08-01,48.0192,60.3535,100.3,97.7,5459.3,232496.0,,9.947
1982-09-01,47.9008,61.2044,100.0,97.7,5457.7,232708.0,,11.129
1982-10-01,47.4371,60.936,100.2,98.1,5452.2,232905.0,,10.14
1982-11-01,47.283,60.2582,100.3,98.0,5474.3,233077.0,,12.03
1982-12-01,46.9485,60.3148,100.5,97.7,5500.9,233241.0,,11.249
1983-01-01,47.8234,61.0632,100.2,97.9,5520.0,233398.0,,10.865
1983-02-01,47.5233,62.4574,100.5,98.0,5522.6,233543.0,,10.608
1983-03-01,47.9244,62.7749,100.4,98.1,5549.2,233697.0,,11.023
1983-04-01,48.5311,63.9236,100.4,98.8,5561.3,233852.0,,11.673
1983-05-01,48.8239,64.4008,100.8,99.2,5572.5,234020.0,,12.028
1983-06-01,49.123,64.5048,101.0,99.4,5576.8,234213.0,,12.96
1983-07-01,49.8546,65.4886,101.3,99.8,5647.0,234404.0,,12.917
1983-08-01,50.4443,65.8127,101.8,100.1,5635.9,234601.0,,12.246
1983-09-01,51.178,66.7895,102.0,100.4,5676.2,234804.0,,12.451
1983-10-01,51.5693,67.7121,102.2,100.8,5726.4,234993.0,,13.311
1983-11-01,51.7993,68.0464,102.1,101.1,5775.0,235157.0,,13.125
1983-12-01,52.0594,67.3593,102.3,101.4,5825.9,235310.0,,14.503
1984-01-01,53.0985,68.5253,102.9,102.1,5851.3,235456.0,,14.21
1984-02-01,53.3318,69.0522,103.2,102.6,5884.8,235601.0,,14.381
1984-03-01,53.5929,69.4992,103.9,102.9,5922.6,235757.0,,14.21
1984-04-01,53.91,68.9688,104.0,103.3,5962.5,235916.0,,14.357
1984-05-01,54.2026,69.2004,104.1,103.5,5971.0,236077.0,,14.856
1984-06-01,54.4014,69.4895,104.0,103.7,6010.3,236254.0,,14.673
1984-07-01,54.5521,68.9884,104.2,104.1,6017.6,236449.0,,14.758
1984-08-01,54.6083,68.6049,103.8,104.4,6058.5,236655.0,,14.279
1984-09-01,54.4466,68.3984,103.4,104.7,6101.7,236868.0,,13.959
1984-10-01,54.4406,68.2073,103.4,105.1,6079.2,237068.0,,14.642
1984-11-01,54.624,68.746,103.7,105.3,6105.7,237238.0,,14.774
1984-12-01,54.6416,68.5975,103.5,105.5,6143.3,237392.0,,14.602
1985-01-01,54.6322,67.9846,103.4,105.7,6141.6,237535.0,,15.563
1985-02-01,54.7825,67.9955,103.3,106.3,6085.2,237667.0,,15.724
1985-03-01,54.8653,68.3928,103.1,106.8,6057.8,237816.0,,15.358
1985-04-01,54.7459,68.9368,103.3,107.0,6159.5,237987.0,,15.521
1985-05-01,54.8255,69.061,103.5,107.2,6310.8,238172.0,,15.561
1985-06-01,54.7989,68.1566,103.3,107.5,6178.9,238368.0,,15.093
1985-07-01,54.5396,67.7641,103.2,107.7,6192.8,238573.0,,15.498
1985-08-01,54.7055,67.4143,102.7,107.9,6189.0,238789.0,,16.91
1985-09-01,54.8906,68.5246,102.1,108.1,6216.2,239006.0,,19.104
1985-10-01,54.7199,67.8966,102.9,108.5,6247.8,239210.0,,14.185
1985-11-01,54.9124,68.9735,103.4,109.0,6258.1,239392.0,,14.622
1985-12-01,55.4412,68.6647,103.6,109.5,6296.4,239558.0,,15.711
1986-01-01,55.7481,70.0598,103.2,109.9,6308.5,239713.0,,16.06
1986-02-01,55.3568,70.0812,101.7,109.7,6341.7,239858.0,,15.371
1986-03-01,54.9625,69.4405,100.3,109.1,6406.5,240011.0,,14.161
1986-04-01,55.0413,70.234,99.6,108.7,6430.4,240183.0,,15.849
1986-05-01,55.1226,71.4536,100.0,109.0,6435.8,240365.0,,16.302
1986-06-01,54.9005,71.0749,99.9,109.4,6429.8,240555.0,,15.92
1986-07-01,55.2592,71.3002,99.4,109.5,6461.8,240753.0,,15.742
1986-08-01,55.1567,71.8821,99.3,109.6,6469.4,240961.0,,17.285
1986-09-01,55.2975,72.4644,99.4,110.0,6472.9,241171.0,,21.495
1986-10-01,55.5332,73.2376,99.7,110.2,6466.0,241371.0,,14.793
1986-11-01,55.7557,72.4788,99.8,110.4,6466.7,241544.0,,14.822
1986-12-01,56.2845,73.1347,99.7,110.8,6473.8,241702.0,,18.079
1987-01-01,56.0882,73.6235,100.5,111.4,6494.2,241857.0,,12.414
1987-02-01,56.8275,74.0587,101.0,111.8,6525.0,242005.0,,15.109
1987-03-01,56.9098,74.4894,101.2,112.2,6530.5,242166.0,,15.299
1987-04-01,57.2701,75.3117,101.9,112.7,6282.3,242338.0,,15.452
1987-05-01,57.6322,75.5706,102.6,113.0,6537.0,242516.0,,14.572
1987-06-01,57.9307,76.2395,103.0,113.5,6527.6,242706.0,,15.619
1987-07-01,58.3258,78.1726,103.5,113.8,6545.8,242908.0,,15.655
1987-08-01,58.7636,78.2655,103.8,114.3,6574.0,243118.0,,17.092
1987-09-01,58.9951,79.2312,103.7,114.7,6575.3,243335.0,,16.119
1987-10-01,59.781,78.8048,104.1,115.0,6619.6,243543.0,,14.258
1987-11-01,60.0726,79.778,104.2,115.4,6648.1,243724.0,,14.543
1987-12-01,60.4095,79.8964,104.2,115.6,6711.5,243895.0,,15.645
1988-01-01,60.3976,80.298,104.6,116.0,6730.2,244056.0,,16.083
1988-02-01,60.7003,80.0025,104.8,116.2,6773.5,244205.0,,16.513
1988-03-01,60.8501,80.4694,104.9,116.5,6804.3,244362.0,,16.182
1988-04-01,61.2031,81.805,105.8,117.2,6830.1,244528.0,,15.545
1988-05-01,61.0797,81.0611,106.5,117.5,6841.7,244708.0,,15.941
1988-06-01,61.2569,81.4319,107.2,118.0,6868.5,244914.0,,15.854
1988-07-01,61.2659,81.9819,107.9,118.5,6898.2,245131.0,,15.704
1988-08-01,61.5731,81.9088,108.0,119.0,6918.4,245352.0,,15.385
1988-09-01,61.3807,81.4641,108.1,119.5,6932.4,245579.0,,15.047
1988-10-01,61.6453,81.8111,108.2,119.9,6969.9,245789.0,,15.162
1988-11-01,61.7944,81.7665,108.3,120.3,6971.9,245970.0,,15.394
1988-12-01,62.0743,82.6587,109.0,120.7,7005.2,246140.0,,16.437
1989-01-01,62.2574,82.6002,110.5,121.2,7033.4,246301.0,,15.372
1989-02-01,61.9819,82.9488,110.8,121.6,7052.7,246454.0,,14.991
1989-03-01,62.1369,83.3994,111.5,122.2,7087.1,246626.0,,14.662
1989-04-01,62.1276,82.4711,112.3,123.1,7050.0,246814.0,,16.024
1989-05-01,61.7744,81.9361,113.2,123.7,7017.2,247010.0,,15.267
1989-06-01,61.7697,82.6388,112.9,124.1,7036.7,247228.0,,14.384
1989-07-01,61.1738,82.3327,112.8,124.5,7061.3,247458.0,,14.695
1989-08-01,61.7732,82.3144,112.0,124.5,7080.0,247695.0,,16.547
1989-09-01,61.5796,82.961,112.4,124.8,7101.4,247942.0,,15.66
1989-10-01,61.4966,84.1117,112.8,125.4,7136.8,248174.0,,13.581
1989-11-01,61.7044,84.0769,112.7,125.9,7144.0,248380.0,,13.37
1989-12-01,62.0428,83.4313,113.0,126.3,7144.7,248569.0,,13.55
1990-01-01,61.729,84.476,114.9,127.5,7187.4,248743.0,,16.308
1990-02-01,62.2896,85.9023,114.4,128.0,7203.3,248920.0,,14.363
1990-03-01,62.5999,85.1491,114.2,128.6,7206.1,249146.0,,14.486
1990-04-01,62.4359,85.482,114.1,128.9,7253.4,249436.0,,14.281
1990-05-01,62.6258,84.0016,114.6,129.1,7245.8,249707.0,,14.022
1990-06-01,62.8382,84.985,114.3,129.9,7257.3,249990.0,,14.149
1990-07-01,62.7284,84.4054,114.5,130.5,7283.7,250285.0,,14.081
1990-08-01,62.9475,84.7541,116.5,131.6,7239.1,250595.0,,13.859
1990-09-01,62.9523,84.6435,118.4,132.5,7236.8,250904.0,,14.298
1990-10-01,62.5845,84.6821,120.8,133.4,7178.7,251201.0,,13.749
1990-11-01,61.7887,84.9375,120.1,133.7,7181.9,251486.0,,13.134
1990-12-01,61.3352,84.6896,118.7,134.2,7224.7,251758.0,,12.958
1991-01-01,61.1355,84.2218,119.0,134.7,7205.7,252012.0,,11.829
1991-02-01,60.6838,83.67,117.2,134.8,7216.8,252253.0,,12.409
1991-03-01,60.3346,83.593,116.2,134.8,7229.1,252507.0,,12.848
1991-04-01,60.4938,84.3232,116.0,135.1,7258.0,252778.0,,12.038
1991-05-01,61.0633,84.494,116.5,135.6,7259.5,253060.0,,12.487
1991-06-01,61.5581,84.648,116.4,136.0,7296.7,253350.0,,12.719
1991-07-01,61.7305,85.0417,116.1,136.2,7282.0,253650.0,,12.972
1991-08-01,61.7298,85.5321,116.2,136.6,7298.3,253966.0,,12.565
1991-09-01,62.2195,85.3471,116.1,137.0,7317.7,254280.0,,13.107
1991-10-01,62.1855,84.7084,116.4,137.2,7328.0,254576.0,,12.217
1991-11-01,62.0871,84.4422,116.4,137.8,7338.4,254841.0,,12.576
1991-12-01,61.7852,85.2631,115.9,138.2,7403.6,255089.0,,12.658
1992-01-01,61.4616,84.6615,115.6,138.3,7474.8,255331.0,,12.591
1992-02-01,61.8955,84.5757,116.0,138.6,7507.2,255576.0,,12.927
1992-03-01,62.4232,85.3933,116.1,139.1,7513.8,255848.0,,12.824
1992-04-01,62.897,85.6744,116.3,139.4,7535.0,256139.0,,12.55
1992-05-01,63.104,84.9051,117.2,139.7,7570.2,256437.0,,13.098
1992-06-01,63.1363,86.1497,118.0,140.1,7601.6,256742.0,,13.543
1992-07-01,63.7176,86.866,117.9,140.5,7595.9,257063.0,,12.853
1992-08-01,63.3613,85.6116,117.7,140.8,7622.6,257390.0,,12.873
1992-09-01,63.5703,86.3112,118.0,141.1,7586.9,257704.0,,13.378
1992-10-01,63.9995,86.6217,118.1,141.7,7537.9,258004.0,,13.655
1992-11-01,64.2422,86.9183,117.8,142.1,7549.3,258280.0,,13.218
1992-12-01,64.3507,86.6475,117.6,142.3,7818.6,258546.0,,13.784
1993-01-01,64.5978,87.0368,118.0,142.8,7648.1,258799.0,458080.0,13.457
1993-02-01,64.9089,86.7581,118.4,143.1,7684.5,259036.0,462967.0,12.969
1993-03-01,64.8522,86.6825,118.7,143.3,7660.8,259283.0,458399.0,13.326
1993-04-01,65.0301,87.0749,119.3,143.8,7700.6,259547.0,469425.0,14.527
1993-05-01,64.784,86.9188,119.7,144.2,7689.4,259822.0,468998.0,14.519
1993-06-01,64.9301,86.3894,119.5,144.3,7675.1,260109.0,480247.0,14.49
1993-07-01,65.1052,86.6992,119.2,144.5,7694.3,260411.0,483571.0,14.451
1993-08-01,65.0267,86.7929,118.7,144.8,7705.4,260717.0,491494.0,13.584
1993-09-01,65.3717,87.2323,118.7,145.0,7684.4,261015.0,497297.0,13.99
1993-10-01,65.8509,87.3597,119.1,145.6,7646.9,261294.0,492823.0,14.911
1993-11-01,66.1518,86.8345,119.0,146.0,7668.1,261550.0,515934.0,14.882
1993-12-01,66.5436,86.6761,118.6,146.3,7929.4,261796.0,533150.0,15.004
1994-01-01,66.7351,86.0624,119.1,146.3,7780.4,262021.0,513314.0,15.379
1994-02-01,66.774,87.6491,119.3,146.7,7795.0,262237.0,513196.0,15.52
1994-03-01,67.4552,88.6305,119.7,147.1,7820.5,262491.0,521040.0,15.301
1994-04-01,67.8541,88.395,119.7,147.2,7820.4,262754.0,528063.0,16.013
1994-05-01,68.1663,89.8097,119.9,147.5,7910.6,263014.0,532328.0,14.577
1994-06-01,68.6265,90.3973,120.5,147.9,7898.1,263294.0,536198.0,15.109
1994-07-01,68.7178,89.3359,120.7,148.4,7905.0,263580.0,537232.0,14.875
1994-08-01,69.1785,90.8925,121.2,149.0,7914.4,263871.0,537960.0,15.359
1994-09-01,69.3961,88.9066,121.0,149.3,7949.0,264159.0,538215.0,15.274
1994-10-01,69.9544,88.5778,120.9,149.4,8024.4,264430.0,533273.0,15.894
1994-11-01,70.4326,89.8603,121.5,149.8,8023.9,264681.0,539150.0,15.89
1994-12-01,71.1523,90.9434,121.9,150.1,8060.2,264924.0,541794.0,15.584
1995-01-01,71.2734,91.0055,122.9,150.5,8086.0,265157.0,543930.0,14.801
1995-02-01,71.193,91.1226,123.5,150.9,8102.0,265383.0,537826.0,14.861
1995-03-01,71.3113,90.5427,123.9,151.2,8124.2,265625.0,542715.0,15.256
1995-04-01,71.1882,90.3747,124.6,151.8,8064.0,265877.0,543096.0,14.378
1995-05-01,71.5378,90.1353,124.9,152.1,8145.6,266134.0,542566.0,14.806
1995-06-01,71.7749,90.0544,125.3,152.4,8169.8,266414.0,546131.0,15.407
1995-07-01,71.4748,89.9164,125.3,152.6,8187.8,266700.0,547342.0,14.7
1995-08-01,72.4223,89.8174,125.1,152.9,8193.0,266998.0,550996.0,15.368
1995-09-01,72.7144,90.8539,125.2,153.1,8219.4,267304.0,554011.0,15.338
1995-10-01,72.5866,91.3097,125.3,153.5,8228.4,267585.0,555132.0,14.861
1995-11-01,72.7779,91.1945,125.4,153.7,8250.5,267829.0,557445.0,15.38
1995-12-01,73.0305,90.734,125.7,153.9,8261.3,268047.0,557953.0,16.262
1996-01-01,72.6125,91.0073,126.3,154.7,8272.1,268258.0,575138.0,14.812
1996-02-01,73.6752,90.0216,126.2,155.0,8335.8,268480.0,568052.0,15.587
1996-03-01,73.585,90.5634,126.4,155.5,8362.4,268724.0,574538.0,16.044
1996-04-01,74.3172,90.4162,127.4,156.1,8311.8,268980.0,590464.0,15.466
1996-05-01,74.8726,91.5773,128.1,156.4,8416.8,269247.0,600186.0,15.993
1996-06-01,75.4433,92.0194,128.0,156.7,8467.1,269527.0,602150.0,15.256
1996-07-01,75.4549,93.2625,128.0,157.0,8444.0,269822.0,599899.0,15.074
1996-08-01,75.8411,93.0231,128.3,157.2,8464.7,270130.0,603959.0,15.486
1996-09-01,76.3158,93.3984,128.2,157.7,8483.9,270433.0,615466.0,15.534
1996-10-01,76.3384,94.736,128.0,158.2,8482.7,270730.0,621761.0,15.308
1996-11-01,77.0397,94.4394,128.2,158.7,8505.1,271002.0,620812.0,15.712
1996-12-01,77.5333,95.5196,129.1,159.1,8533.1,271243.0,606078.0,15.183
1997-01-01,77.6562,95.9186,129.7,159.4,8556.4,271472.0,608608.0,15.682
1997-02-01,78.5833,96.2356,128.5,159.7,8579.2,271703.0,615415.0,15.271
1997-03-01,79.082,96.8894,127.3,159.8,8619.0,271952.0,620467.0,15.816
1997-04-01,79.1747,97.1814,127.0,159.9,8624.5,272213.0,616175.0,15.058
1997-05-01,79.6133,97.3254,127.4,159.9,8661.9,272482.0,624743.0,15.088
1997-06-01,79.9792,97.1327,127.2,160.2,8689.7,272767.0,626396.0,14.524
1997-07-01,80.6624,98.22,126.9,160.4,8723.1,273074.0,637410.0,15.568
1997-08-01,81.4694,98.6907,127.2,160.8,8768.6,273395.0,639593.0,16.148
1997-09-01,82.2156,99.8627,127.5,161.2,8791.5,273703.0,646526.0,15.096
1997-10-01,82.9446,99.3964,127.8,161.5,8834.8,273989.0,653196.0,15.431
1997-11-01,83.5978,99.1544,127.9,161.7,8892.2,274249.0,643710.0,15.825
1997-12-01,83.9538,99.3551,126.8,161.8,8944.3,274499.0,642021.0,16.474
1998-01-01,84.3218,100.6238,125.4,162.0,9022.9,274732.0,645686.0,14.789
1998-02-01,84.4583,99.9108,125.0,162.0,9081.2,274943.0,648121.0,15.232
1998-03-01,84.488,99.729,124.7,162.0,9134.4,275175.0,666906.0,15.405
1998-04-01,84.7779,100.2052,124.9,162.2,9164.1,275434.0,674351.0,15.923
1998-05-01,85.3367,100.0091,125.1,162.6,9202.0,275700.0,674325.0,17.057
1998-06-01,84.8248,100.5757,124.8,162.8,9254.2,275976.0,703177.0,16.771
1998-07-01,84.4986,99.619,124.9,163.2,9270.0,276266.0,696540.0,14.668
1998-08-01,86.248,99.6519,124.2,163.4,9299.3,276566.0,698156.0,14.796
1998-09-01,86.2021,98.6632,123.8,163.5,9325.5,276859.0,707561.0,16.313
1998-10-01,86.7914,98.5499,124.0,163.9,9337.5,277140.0,707943.0,17.131
1998-11-01,86.7256,98.4404,123.6,164.1,9374.6,277402.0,707845.0,16.118
1998-12-01,87.1185,98.6068,122.8,164.4,9391.7,277658.0,706989.0,17.409
1999-01-01,87.4949,99.4096,122.9,164.7,9444.1,277891.0,708818.0,16.593
1999-02-01,88.027,100.5812,122.3,164.7,9476.2,278095.0,726308.0,17.097
1999-03-01,88.2267,101.0564,122.6,164.8,9484.1,278324.0,737226.0,16.832
1999-04-01,88.4295,101.3371,123.6,165.9,9453.0,278584.0,728788.0,16.929
1999-05-01,88.9886,102.2623,124.7,166.0,9469.3,278859.0,727358.0,17.564
1999-06-01,88.9188,101.3573,125.2,166.0,9501.3,279148.0,739167.0,17.346
1999-07-01,89.4333,99.7958,125.7,166.7,9519.0,279448.0,745815.0,17.688
1999-08-01,89.7924,100.543,126.9,167.1,9559.1,279752.0,741524.0,17.641
1999-09-01,89.4299,100.7243,128.0,167.8,9546.7,280053.0,751402.0,17.662
1999-10-01,90.523,102.3334,127.7,168.1,9598.7,280337.0,759906.0,17.684
1999-11-01,90.9618,104.1263,128.3,168.4,9660.9,280594.0,781199.0,17.62
1999-12-01,91.6634,105.2302,127.8,168.8,9735.9,280846.0,789431.0,18.322
2000-01-01,91.538,102.526,128.3,169.3,9799.9,281083.0,784940.0,18.635
2000-02-01,91.8239,102.6663,129.8,170.0,9837.9,281299.0,793737.0,19.401
2000-03-01,92.1504,103.4304,130.8,171.0,9864.0,281531.0,809459.0,18.343
2000-04-01,92.6989,104.238,130.7,170.9,9913.7,281763.0,804766.0,17.939
2000-05-01,92.9499,104.2647,131.6,171.2,9954.5,281996.0,805005.0,17.943
2000-06-01,92.9862,103.11,133.8,172.2,9982.3,282247.0,795411.0,17.596
2000-07-01,92.8048,102.3662,133.7,172.7,10035.9,282504.0,783795.0,17.316
2000-08-01,92.5521,102.2815,132.9,172.7,10098.3,282769.0,805341.0,17.531
2000-09-01,92.9792,102.9665,134.7,173.6,10110.3,283033.0,814330.0,18.654
2000-10-01,92.6179,103.1841,135.4,173.9,10139.2,283285.0,816100.0,17.514
2000-11-01,92.6438,103.0244,135.0,174.2,10143.5,283523.0,820054.0,16.634
2000-12-01,92.3415,102.2519,136.2,174.6,10164.3,283748.0,811516.0,16.222
2001-01-01,91.902,101.6054,140.0,175.6,10211.7,283960.0,814479.0,17.652
2001-02-01,91.3034,101.6593,137.4,176.0,10223.4,284166.0,813647.0,17.826
2001-03-01,91.1162,101.1669,135.9,176.1,10254.4,284380.0,828057.0,17.248
2001-04-01,90.7891,100.2601,136.4,176.4,10233.1,284602.0,842392.0,16.872
2001-05-01,90.3555,99.8301,136.8,177.3,10214.7,284834.0,848146.0,16.876
2001-06-01,89.8784,98.5718,135.5,177.7,10218.1,285076.0,855730.0,17.464
2001-07-01,89.3028,99.3817,133.4,177.4,10370.7,285324.0,850471.0,16.463
2001-08-01,89.2003,100.8755,133.4,177.4,10543.1,285584.0,847465.0,16.348
2001-09-01,88.7485,101.6626,133.3,178.1,10452.8,285842.0,837412.0,16.365
2001-10-01,88.5052,103.3109,130.3,177.6,10267.7,286086.0,845941.0,22.055
2001-11-01,87.97,103.3751,129.8,177.5,10279.7,286315.0,843911.0,18.031
2001-12-01,87.9324,103.3763,128.1,177.4,10298.9,286533.0,849689.0,16.465
2002-01-01,88.5176,106.4231,128.5,177.7,10514.7,286739.0,858654.0,16.523
2002-02-01,88.5278,104.9415,128.4,178.0,10531.6,286935.0,862338.0,17.304
2002-03-01,89.1686,105.2526,129.8,178.5,10539.0,287131.0,844551.0,17.107
2002-04-01,89.604,104.8652,130.8,179.3,10574.2,287343.0,858240.0,17.668
2002-05-01,89.964,107.186,130.8,179.5,10616.5,287571.0,850935.0,16.197
2002-06-01,90.7061,109.3202,130.9,179.6,10648.2,287808.0,846777.0,16.953
2002-07-01,90.6769,108.9728,131.2,180.0,10621.0,288051.0,847129.0,18.147
2002-08-01,90.5762,107.657,131.5,180.5,10623.0,288303.0,839008.0,18.449
2002-09-01,90.6531,107.8198,132.3,180.8,10633.6,288554.0,832134.0,16.665
2002-10-01,90.4643,107.0838,133.2,181.2,10661.8,288794.0,839690.0,16.259
2002-11-01,90.9711,107.8393,133.1,181.5,10690.9,289012.0,844697.0,16.52
2002-12-01,90.4652,107.3635,132.9,181.8,10719.9,289214.0,855921.0,17.866
2003-01-01,91.2361,108.8924,135.3,182.6,10710.4,289412.0,863855.0,16.708
2003-02-01,91.3445,109.2639,137.6,183.6,10674.0,289606.0,859225.0,16.114
2003-03-01,91.1044,108.9444,141.2,183.9,10696.5,289809.0,851132.0,16.467
2003-04-01,90.5617,109.0096,136.8,183.2,10752.7,290024.0,859459.0,16.751
2003-05-01,90.537,107.3046,136.7,182.9,10832.0,290250.0,866814.0,16.47
2003-06-01,90.6527,108.6727,138.0,183.1,10860.6,290484.0,880865.0,17.013
2003-07-01,91.1185,108.8218,137.7,183.7,10991.1,290726.0,891264.0,17.117
2003-08-01,90.9197,108.5682,138.0,184.5,11066.7,290974.0,901839.0,18.262
2003-09-01,91.5059,109.0582,138.5,185.1,10940.8,291222.0,911589.0,17.286
2003-10-01,91.6186,108.5979,139.3,184.9,10982.3,291463.0,925732.0,16.489
2003-11-01,92.2329,109.489,138.9,185.0,11048.4,291677.0,925985.0,17.563
2003-12-01,92.2602,109.7379,139.5,185.5,11057.2,291868.0,948491.0,17.357
2004-01-01,92.4006,110.04,141.4,186.3,11051.2,292046.0,938525.0,16.695
2004-02-01,92.958,110.474,142.1,186.7,11071.0,292230.0,937813.0,17.032
2004-03-01,92.5861,111.0081,143.1,187.1,11115.6,292434.0,961159.0,17.247
2004-04-01,92.93,111.3864,144.8,187.4,11153.3,292651.0,967602.0,16.898
2004-05-01,93.6013,112.0605,146.8,188.2,11208.9,292872.0,974381.0,18.186
2004-06-01,92.871,111.4623,147.2,188.9,11215.8,293103.0,983087.0,16.173
2004-07-01,93.5649,112.6765,147.4,189.1,11240.5,293350.0,1006184.0,17.309
2004-08-01,93.6277,113.8645,148.0,189.2,11274.6,293603.0,1013616.0,17.157
2004-09-01,93.7467,114.5333,147.7,189.8,11279.6,293857.0,1012080.0,17.875
2004-10-01,94.5465,116.1787,150.0,190.8,11282.5,294104.0,1015719.0,17.514
2004-11-01,94.7813,116.4257,151.4,191.7,11246.1,294337.0,1022994.0,17.362
2004-12-01,95.5365,118.0956,150.2,191.7,11659.0,294561.0,1037480.0,18.102
2005-01-01,95.8801,117.0048,150.9,191.6,11226.5,294768.0,1046082.0,16.889
2005-02-01,96.5761,118.7452,151.6,192.4,11229.0,294955.0,1066848.0,16.886
2005-03-01,96.4456,118.9466,153.7,193.1,11268.8,295149.0,1071745.0,17.413
2005-04-01,96.6532,119.4343,155.0,193.7,11304.2,295359.0,1081012.0,17.756
2005-05-01,96.7402,119.9246,154.3,193.6,11352.7,295582.0,1093341.0,17.414
2005-06-01,97.1753,119.3551,154.3,193.7,11375.5,295824.0,1105896.0,18.482
2005-07-01,96.8676,119.793,156.3,194.9,11387.1,296077.0,1119101.0,21.135
2005-08-01,97.1833,117.6577,157.6,196.1,11405.3,296338.0,1129163.0,17.418
2005-09-01,95.3005,110.4589,162.2,198.8,11365.2,296606.0,1148438.0,16.927
2005-10-01,96.4572,111.4742,166.2,199.1,11428.7,296857.0,1160831.0,15.336
2005-11-01,97.5414,115.1136,163.7,198.1,11500.1,297089.0,1172090.0,16.524
2005-12-01,98.0452,116.6617,163.0,198.1,11535.2,297311.0,1184677.0,17.174
2006-01-01,98.1999,117.8376,164.3,199.3,11651.8,297526.0,1195642.0,18.081
2006-02-01,98.2413,117.5284,161.8,199.4,11702.8,297734.0,1205639.0,17.071
2006-03-01,98.4628,117.9921,162.2,199.7,11747.5,297950.0,1205169.0,16.96
2006-04-01,98.7618,118.6622,164.3,200.7,11744.4,298170.0,1193296.0,17.127
2006-05-01,98.7869,118.7422,165.8,201.3,11736.8,298401.0,1180581.0,16.729
2006-06-01,99.0997,119.6185,166.1,201.8,11751.9,298653.0,1172128.0,16.9
2006-07-01,99.0489,120.136,166.8,202.9,11746.9,298910.0,1157926.0,17.662
2006-08-01,99.4836,121.1631,167.9,203.8,11737.0,299178.0,1145907.0,16.458
2006-09-01,99.3183,121.5459,165.4,202.8,11800.1,299452.0,1135753.0,16.974
2006-10-01,99.2044,121.1091,162.2,201.9,11853.7,299710.0,1122914.0,16.865
2006-11-01,99.1627,120.6442,164.6,202.0,11901.9,299950.0,1121749.0,16.657
2006-12-01,100.1735,124.0093,165.6,203.1,11958.6,300178.0,1135406.0,17.107
2007-01-01,99.8346,123.601,164.0,203.437,11956.6,300398.0,1137917.0,16.896
2007-02-01,100.7753,124.3148,166.8,204.226,11996.0,300608.0,1139032.0,17.169
2007-03-01,100.9547,125.5288,169.3,205.288,12035.1,300823.0,1146624.0,16.438
2007-04-01,101.6334,125.912,171.4,205.904,12052.8,301045.0,1150590.0,16.615
2007-05-01,101.7306,125.8012,173.3,206.755,12059.9,301278.0,1161581.0,16.661
2007-06-01,101.7893,126.1477,173.8,207.234,12053.3,301528.0,1163511.0,16.179
2007-07-01,101.6672,126.7565,175.1,207.603,12066.4,301790.0,1155448.0,15.837
2007-08-01,101.863,126.2963,172.4,207.667,12070.9,302064.0,1159077.0,16.379
2007-09-01,102.0894,126.8726,173.5,208.547,12089.6,302334.0,1158580.0,16.532
2007-10-01,101.8015,126.1004,174.7,209.19,12080.4,302590.0,1152491.0,16.455
2007-11-01,102.3446,126.488,179.0,210.834,12070.1,302834.0,1132908.0,16.354
2007-12-01,102.3803,126.3957,178.6,211.445,12120.5,303062.0,1115141.0,16.03
2008-01-01,102.2448,125.4943,181.0,212.174,12137.1,303280.0,1111347.0,15.705
2008-02-01,101.8438,123.6176,182.7,212.687,12141.8,303494.0,1096648.0,15.491
2008-03-01,101.5336,122.2305,187.9,213.448,12145.9,303707.0,1103446.0,15.114
2008-04-01,100.8785,121.0039,190.9,213.942,12100.8,303926.0,1101252.0,14.605
2008-05-01,100.2674,119.8799,196.6,215.208,12696.2,304157.0,1101547.0,14.697
2008-06-01,100.0335,118.5369,200.5,217.463,12376.6,304396.0,1090098.0,14.377
2008-07-01,99.676,117.5275,205.5,219.016,12188.7,304646.0,1086952.0,13.006
2008-08-01,98.1111,115.401,199.0,218.69,12120.6,304903.0,1070075.0,14.119
2008-09-01,93.7895,107.6585,196.9,218.877,12149.0,305158.0,1059579.0,12.961
2008-10-01,94.7219,112.4154,186.4,216.995,12240.5,305403.0,1055959.0,10.933
2008-11-01,93.4715,109.0568,176.8,213.153,12345.9,305620.0,1035033.0,10.526
2008-12-01,90.8357,103.8089,170.9,211.398,12288.8,305827.0,999139.0,10.383
2009-01-01,88.57,103.9463,171.2,211.933,12361.5,306035.0,975099.0,9.786
2009-02-01,88.031,104.0751,169.3,212.705,12241.9,306237.0,971708.0,9.223
2009-03-01,86.6528,103.5489,168.1,212.495,12242.7,306438.0,963793.0,9.748
2009-04-01,85.9344,104.2665,169.1,212.709,12320.0,306645.0,932482.0,9.379
2009-05-01,85.0665,103.7615,170.8,213.022,12500.1,306863.0,920020.0,10.176
2009-06-01,84.7459,104.3868,174.1,214.79,12273.2,307090.0,912530.0,10.149
2009-07-01,85.7027,104.8089,172.5,214.726,12218.7,307322.0,911438.0,11.566
2009-08-01,86.6426,105.8738,175.0,215.445,12194.8,307570.0,900112.0,14.754
2009-09-01,87.4063,105.6542,174.1,215.861,12230.6,307826.0,887241.0,9.535
2009-10-01,87.6419,106.0469,175.2,216.509,12193.2,308071.0,871391.0,10.576
2009-11-01,88.0221,107.84,177.4,217.234,12224.4,308289.0,858493.0,11.041
2009-12-01,88.3793,106.6408,178.1,217.347,12280.2,308495.0,842609.0,11.284
2010-01-01,89.3426,108.2535,181.9,217.488,12285.8,308706.0,822114.0,10.893
2010-02-01,89.6779,107.2066,181.0,217.281,12292.0,308904.0,814885.0,10.315
2010-03-01,90.2928,107.9186,183.3,217.353,12340.3,309095.0,821849.0,11.772
2010-04-01,90.5991,108.6195,184.4,217.403,12447.1,309289.0,829664.0,11.454
2010-05-01,91.823,108.7991,184.8,217.29,12540.3,309485.0,823447.0,12.03
2010-06-01,91.9928,108.9581,183.5,217.199,12544.3,309691.0,821943.0,11.598
2010-07-01,92.3421,108.671,184.1,217.605,12554.2,309913.0,799694.0,11.948
2010-08-01,92.6805,109.107,184.9,217.923,12591.4,310146.0,802030.0,12.014
2010-09-01,92.9537,109.028,184.9,218.275,12589.9,310385.0,807728.0,11.922
2010-10-01,92.6903,107.8394,186.6,219.035,12592.5,310612.0,801372.0,12.414
2010-11-01,92.7709,108.8721,187.7,219.59,12605.1,310820.0,804151.0,12.3
2010-12-01,93.6787,109.5041,189.7,220.472,12680.6,311020.0,789395.0,12.605
2011-01-01,93.4814,109.2849,192.7,221.187,12740.1,311204.0,759964.0,12.806
2011-02-01,93.1102,108.8754,195.8,221.898,12776.6,311373.0,758376.0,13.081
2011-03-01,94.0788,110.1047,199.2,223.046,12742.7,311551.0,769157.0,13.259
2011-04-01,93.7749,109.2767,203.1,224.093,12721.3,311740.0,769437.0,13.326
2011-05-01,93.888,107.7141,204.1,224.806,12705.3,311935.0,775251.0,12.28
2011-06-01,94.172,107.9088,203.9,224.806,12756.9,312147.0,794839.0,11.886
2011-07-01,94.636,107.8889,204.6,225.395,12805.6,312372.0,792381.0,12.72
2011-08-01,95.2749,108.2673,203.2,226.106,12799.7,312605.0,811953.0,12.604
2011-09-01,95.1961,108.7261,203.7,226.597,12781.7,312842.0,813660.0,13.356
2011-10-01,95.8568,108.7777,201.1,226.75,12791.9,313060.0,808378.0,13.73
2011-11-01,95.8485,107.6693,201.4,227.169,12782.7,313260.0,812050.0,13.743
2011-12-01,96.3571,108.1575,199.8,227.223,12898.5,313454.0,821367.0,13.798
2012-01-01,96.9318,109.1207,200.7,227.842,12967.5,313636.0,830610.0,14.395
2012-02-01,97.2435,108.745,201.6,228.329,13029.6,313811.0,824368.0,14.975
2012-03-01,96.74,108.4631,204.2,228.807,13066.4,313993.0,829288.0,14.594
2012-04-01,97.4359,108.3972,203.7,229.187,13116.5,314176.0,841740.0,14.769
2012-05-01,97.6609,106.9061,201.9,228.713,13112.5,314368.0,850928.0,14.496
2012-06-01,97.6663,107.0621,199.8,228.524,13097.2,314576.0,858009.0,14.467
2012-07-01,97.8713,105.9619,200.1,228.59,12999.8,314796.0,858934.0,14.38
2012-08-01,97.4525,105.987,202.7,229.918,12961.6,315031.0,862726.0,14.444
2012-09-01,97.381,106.2381,204.4,231.015,13053.1,315264.0,866588.0,15.099
2012-10-01,97.7193,106.0072,203.5,231.638,13142.0,315485.0,875366.0,14.83
2012-11-01,98.0777,105.7803,201.8,231.249,13315.7,315692.0,872052.0,15.456
2012-12-01,98.3101,106.6112,201.5,231.221,13642.7,315877.0,871809.0,15.462
2013-01-01,98.3342,105.4051,202.5,231.679,12845.5,316038.0,862722.0,15.813
2013-02-01,98.7941,104.1709,204.3,232.937,12813.9,316191.0,873583.0,15.861
2013-03-01,99.1921,104.0619,204.0,232.282,12852.1,316357.0,864510.0,15.721
2013-04-01,99.1065,103.9407,203.5,231.797,12893.4,316535.0,879728.0,15.811
2013-05-01,99.1839,104.4883,204.1,231.893,12954.2,316729.0,888752.0,15.884
2013-06-01,99.3897,104.0795,204.3,232.445,12955.7,316934.0,899295.0,16.149
2013-07-01,99.0814,103.6821,204.4,232.9,12941.8,317156.0,917756.0,16.021
2013-08-01,99.6543,103.5458,204.2,233.456,12969.6,317397.0,929061.0,15.827
2013-09-01,100.161,102.4596,203.9,233.544,13027.5,317635.0,938121.0,15.857
2013-10-01,100.082,102.1223,202.5,233.669,12974.6,317864.0,951214.0,15.727
2013-11-01,100.3158,101.8303,201.2,234.1,12998.9,318076.0,964122.0,16.079
2013-12-01,100.5175,102.071,202.0,234.719,13019.1,318276.0,979211.0,15.835
2014-01-01,100.1599,101.3391,203.8,235.288,13079.5,318464.0,986587.0,15.614
2014-02-01,100.9168,101.2867,205.7,235.547,13148.0,318642.0,987538.0,15.993
2014-03-01,101.8942,102.1369,207.0,236.028,13219.9,318827.0,991157.0,16.985
2014-04-01,101.9928,102.3449,208.3,236.468,13270.2,319020.0,1006901.0,16.695
2014-05-01,102.3836,101.4927,208.0,236.918,13312.9,319225.0,1007147.0,17.137
2014-06-01,102.735,102.5541,208.3,237.231,13360.4,319438.0,1006424.0,17.516
2014-07-01,102.9632,102.8664,208.0,237.498,13386.8,319670.0,1014935.0,17.277
2014-08-01,102.7688,103.4567,207.0,237.46,13445.9,319919.0,1015096.0,17.239
2014-09-01,103.0641,103.3076,206.4,237.477,13486.3,320166.0,1021890.0,16.959
2014-10-01,103.0764,102.3661,203.4,237.43,13550.7,320403.0,1046402.0,16.756
2014-11-01,103.7126,102.5148,200.9,236.983,13624.4,320616.0,1044893.0,16.949
2014-12-01,103.7044,103.0256,197.0,236.252,13719.1,320815.0,1056429.0,17.178
2015-01-01,102.8905,102.6962,192.0,234.747,13797.7,320997.0,1061241.0,16.91
2015-02-01,102.2335,102.5529,191.1,235.342,13848.0,321164.0,1072895.0,16.891
2015-03-01,101.8914,101.8159,191.5,235.976,13811.3,321344.0,1086748.0,17.896
2015-04-01,101.3355,102.3612,190.9,236.222,13842.0,321538.0,1115619.0,17.693
2015-05-01,100.8883,101.323,193.4,237.001,13865.6,321740.0,1135433.0,17.929
2015-06-01,100.571,102.0739,194.8,237.657,13874.1,321954.0,1158193.0,17.889
2015-07-01,101.2228,102.0836,193.9,238.034,13905.7,322186.0,1154561.0,18.318
2015-08-01,101.0367,101.1686,191.9,238.033,13935.8,322427.0,1164377.0,18.391
2015-09-01,100.7547,101.8213,189.1,237.498,13972.2,322670.0,1163937.0,18.281
2015-10-01,100.2675,101.9077,187.5,237.733,13996.9,322901.0,1151533.0,18.27
2015-11-01,99.5298,102.087,185.7,238.017,13993.4,323113.0,1145510.0,18.314
2015-12-01,99.0417,101.9365,183.5,237.761,14060.2,323318.0,1156354.0,17.503
2016-01-01,99.5607,102.9079,182.6,237.652,14121.1,323509.0,1160988.0,18.054
2016-02-01,99.0445,102.2146,181.3,237.336,14135.3,323687.0,1172851.0,18.096
2016-03-01,98.3096,103.0878,182.1,238.08,14135.4,323871.0,1188776.0,17.291
2016-04-01,98.6421,102.349,183.2,238.992,14106.2,324061.0,1185902.0,17.669
2016-05-01,98.4184,101.8986,185.3,239.557,14095.5,324260.0,1190685.0,17.695
2016-06-01,98.8833,100.8749,187.6,240.222,14104.9,324476.0,1217604.0,17.735
2016-07-01,98.9992,100.5516,187.7,240.101,14160.1,324697.0,1214532.0,18.109
2016-08-01,98.85,100.0862,186.6,240.545,14176.7,324924.0,1221250.0,17.927
2016-09-01,98.7457,100.8858,186.9,241.176,14209.1,325155.0,1232438.0,17.956
2016-10-01,98.7611,100.6749,186.7,241.741,14235.4,325368.0,1241100.0,17.954
2016-11-01,98.3491,100.9351,186.3,242.026,14273.6,325562.0,1264881.0,17.792
2016-12-01,99.0214,100.9549,188.2,242.637,14313.7,325742.0,1270443.0,18.277
2017-01-01,98.7611,100.2013,190.7,243.618,14373.7,325901.0,1256025.0,17.652
2017-02-01,98.3646,99.4798,191.6,244.006,14416.8,326050.0,1277327.0,17.699
2017-03-01,99.0137,100.0184,191.5,243.892,14476.3,326207.0,1274466.0,17.061
2017-04-01,100.0224,100.3276,193.0,244.193,14509.3,326371.0,1268229.0,17.166
2017-05-01,100.1408,100.9971,192.8,244.004,14610.7,326548.0,1282119.0,17.081
2017-06-01,100.3471,101.3685,193.6,244.163,14618.7,326743.0,1277442.0,17.13
2017-07-01,100.1068,101.7991,193.5,244.243,14660.2,326939.0,1275620.0,17.237
2017-08-01,99.6925,98.5193,193.8,245.183,14678.3,327140.0,1274043.0,17.051
2017-09-01,99.7954,96.6827,194.8,246.435,14706.0,327342.0,1280026.0,18.313
2017-10-01,101.0247,100.6015,194.9,246.626,14748.6,327528.0,1283890.0,18.482
2017-11-01,101.2664,100.3711,195.9,247.284,14771.1,327699.0,1309300.0,18.003
2017-12-01,101.4644,99.6338,196.3,247.805,14797.9,327848.0,1314355.0,17.887
2018-01-01,101.4625,98.0982,197.9,248.859,14886.6,327969.0,1338470.0,17.176
2018-02-01,101.7085,98.3595,199.3,249.529,14921.1,328085.0,1354758.0,17.447
2018-03-01,102.2067,98.5032,199.3,249.577,14974.8,328219.0,1345730.0,17.662
2018-04-01,103.3329,98.8499,200.3,250.227,15007.2,328364.0,1353497.0,17.584
2018-05-01,102.4024,98.4965,203.2,250.792,15057.8,328521.0,1360723.0,17.829
2018-06-01,103.198,98.7456,204.2,251.018,15119.3,328692.0,1342064.0,17.743
2018-07-01,103.3646,99.3937,204.3,251.214,15184.7,328863.0,1335024.0,17.629
2018-08-01,104.0327,98.416,203.4,251.663,15238.6,329040.0,1339141.0,17.564
2018-09-01,104.1004,98.3917,203.6,252.182,15237.5,329216.0,1323245.0,17.776
2018-10-01,103.9856,98.2513,204.6,252.772,15274.1,329379.0,1315931.0,17.991
2018-11-01,104.0681,99.1285,202.3,252.594,15315.2,329527.0,1302721.0,18.061
2018-12-01,104.0936,99.0132,201.0,252.767,15506.5,329659.0,1292045.0,18.077
2019-01-01,103.4021,98.1822,199.1,252.561,15536.3,329766.0,1295457.0,16.97
2019-02-01,102.8371,98.33,199.2,253.319,15560.4,329862.0,1310064.0,16.962
2019-03-01,102.8757,98.3276,200.8,254.277,15566.5,329977.0,1319470.0,17.842
2019-04-01,102.274,97.5545,202.1,255.233,15534.2,330103.0,1352874.0,16.968
2019-05-01,102.392,96.5471,201.7,255.296,15532.4,330240.0,1364585.0,17.967
2019-06-01,102.4375,96.2151,200.3,255.213,15562.1,330393.0,1381377.0,17.781
2019-07-01,101.9408,96.8965,200.7,255.802,15581.4,330553.0,1413022.0,17.682
2019-08-01,102.639,97.6338,199.2,256.036,15664.3,330729.0,1425986.0,17.882
2019-09-01,102.2917,97.3963,198.4,256.43,15697.5,330904.0,1438191.0,17.72
2019-10-01,101.4281,97.1321,198.6,257.155,15718.1,331066.0,1445140.0,17.049
2019-11-01,101.9372,96.5895,199.0,257.879,15766.9,331213.0,1464880.0,17.549
2019-12-01,101.7003,96.1523,199.0,258.63,15683.8,331345.0,1469334.0,17.491
2020-01-01,101.0338,96.3502,199.3,259.127,15842.8,331443.0,1491169.0,16.85
2020-02-01,101.3735,96.2903,196.7,259.25,15900.3,331525.0,1498377.0,17.13
2020-03-01,97.4078,97.9725,193.1,258.076,15702.3,331668.0,1501676.0,11.825
2020-04-01,84.5619,91.9821,185.5,256.032,18015.3,331750.0,1458956.0,8.919
2020-05-01,85.9604,91.8093,188.6,255.802,17110.0,331752.0,1448816.0,12.543
2020-06-01,91.5934,92.3713,191.2,257.042,17050.2,331795.0,1461054.0,13.532
2020-07-01,95.0256,93.9842,193.0,258.352,17202.9,331862.0,1474614.0,15.182
2020-08-01,95.9549,95.2989,194.3,259.316,16542.0,331936.0,1490027.0,16.09
2020-09-01,95.9669,95.5095,195.5,259.997,16633.7,332017.0,1512535.0,16.713
2020-10-01,96.7394,97.0645,196.5,260.319,16573.6,332092.0,1538282.0,16.564
2020-11-01,97.0816,97.4373,198.3,260.911,16381.8,332130.0,1552457.0,16.298
2020-12-01,98.363,97.6797,200.5,262.045,16397.7,332113.0,1577505.0,16.906
2021-01-01,98.8822,98.0178,204.8,262.687,18194.0,332059.0,1598697.0,16.719
2021-02-01,95.6149,90.9605,210.6,263.579,16697.3,332035.0,1574677.0,16.146
2021-03-01,98.3856,96.1381,215.0,264.961,20520.0,332074.0,1609846.0,18.451
2021-04-01,98.5587,100.2658,217.9,266.614,17420.7,332141.0,1614358.0,18.574
2021-05-01,99.4333,102.7462,224.9,268.383,16922.4,332212.0,1626557.0,17.519
2021-06-01,99.7987,103.2182,228.9,270.654,16838.1,332300.0,1640276.0,16.056
2021-07-01,100.2519,102.7758,231.85,271.903,16949.3,332454.0,1661524.0,15.187
2021-08-01,100.0437,101.3666,233.415,272.676,16917.1,332641.0,1665413.0,13.874
2021-09-01,98.8579,99.0987,235.678,273.91,16728.5,332801.0,1673533.0,12.731
2021-10-01,100.1861,100.8789,240.465,276.55,16733.5,332955.0,1688747.0,13.156
2021-11-01,100.8654,100.764,243.287,278.919,16686.4,333109.0,1731869.0,13.37
2021-12-01,100.5726,100.8958,241.338,280.845,16610.8,333251.0,1762351.0,13.123
2022-01-01,100.1856,99.0378,246.453,282.543,16206.1,333349.0,1807763.0,14.886
2022-02-01,100.8064,98.6321,252.66,284.5,16207.6,333444.0,1842072.0,14.198
2022-03-01,101.3907,98.5817,260.014,287.674,16127.2,333595.0,1877402.0,14.221
2022-04-01,101.44,97.4681,265.31,288.561,16125.5,333776.0,1913147.0,14.615
2022-05-01,101.3335,97.4075,273.251,291.298,16103.0,333958.0,1923964.0,13.291
2022-06-01,101.018,96.6027,280.251,294.957,16062.9,334147.0,1920269.0,13.821
2022-07-01,101.223,96.2495,272.274,294.913,16270.4,334370.0,1923856.0,13.87
2022-08-01,101.0963,95.9939,269.546,295.097,16367.3,334628.0,1918061.0,14.184
2022-09-01,101.2918,95.4004,267.898,296.349,16423.8,334885.0,1917890.0,14.12
2022-10-01,101.2529,95.2899,265.061,298.007,16476.3,335125.0,1914367.0,15.099
2022-11-01,100.9552,95.0073,263.157,298.786,16502.7,335354.0,1919538.0,14.583
2022-12-01,99.7664,91.9286,257.897,298.832,16578.2,335569.0,1926876.0,13.874
2023-01-01,100.505,95.4317,260.227,300.42,16906.9,335770.0,1957618.0,15.657
2023-02-01,100.6416,97.4006,258.669,301.45,16998.2,335975.0,1971178.0,15.47
2023-03-01,101.0205,97.3174,257.062,301.821,17098.8,336189.0,2000432.0,15.621
2023-04-01,101.253,98.196,256.908,302.845,17135.3,336406.0,2028917.0,16.41
2023-05-01,100.9286,97.1749,253.67,303.334,17196.7,336632.0,2053902.0,15.931
2023-06-01,100.1196,97.4438,253.86,304.014,17216.3,336875.0,2074232.0,16.606
2023-07-01,100.9067,97.2698,253.835,304.609,17250.6,337147.0,2083615.0,16.321
2023-08-01,100.8393,97.8117,257.68,306.082,17275.3,337443.0,2108452.0,16.071
2023-09-01,101.0211,98.4738,258.934,307.276,17282.2,337738.0,2117176.0,16.209
2023-10-01,100.4689,97.9017,255.192,307.696,17341.3,338021.0,2139594.0,15.738
2023-11-01,100.8639,97.8122,252.856,308.148,17427.1,338295.0,2170325.0,15.782
2023-12-01,100.6031,98.4272,249.866,308.741,17481.7,338550.0,2174846.0,16.321
2024-01-01,99.2223,96.3842,251.306,309.698,17575.4,338787.0,2191633.0,15.558
2024-02-01,100.285,98.4144,254.926,310.967,17596.2,339029.0,2220925.0,16.255
2024-03-01,100.4575,98.3088,255.095,312.345,17617.0,339288.0,2214113.0,16.21
2024-04-01,100.2434,98.4741,256.978,313.023,17638.6,339554.0,2220689.0,16.458
2024-05-01,100.863,99.533,255.313,313.175,17713.3,339828.0,2232845.0,16.361
2024-06-01,100.894,99.9406,255.914,313.044,17751.1,340108.0,2238643.0,15.79
2024-07-01,99.9757,99.9075,257.321,313.569,17743.2,340335.0,2240441.0,16.337
2024-08-01,100.4309,99.9794,255.463,314.062,17752.9,340512.0,2245978.0,15.978
2024-09-01,99.8084,100.2517,252.682,314.732,17769.9,340688.0,2263103.0,16.341
2024-10-01,99.4695,100.9296,253.081,315.631,17810.5,340855.0,2263823.0,16.493
2024-11-01,99.2925,101.8988,253.211,316.528,17851.4,341011.0,2262637.0,16.908
2024-12-01,100.3273,102.0999,253.423,317.604,17867.9,341149.0,2258822.0,17.301
2025-01-01,100.0647,100.9082,257.36,318.961,17889.8,341268.0,2261053.0,15.95
2025-02-01,101.0993,102.3781,259.498,319.679,17910.5,341378.0,2265811.0,16.419
2025-03-01,101.0404,103.332,258.525,319.785,18029.1,341496.0,2256260.0,18.35
2025-04-01,101.1279,103.012,258.392,320.302,18132.9,341632.0,2263809.0,17.583
2025-05-01,100.9655,101.6048,258.678,320.62,17980.9,341784.0,2244426.0,16.043
2025-06-01,101.4785,102.9333,260.491,321.435,17962.1,341945.0,2237719.0,16.282
2025-07-01,101.894,104.258,262.358,322.169,18040.9,342076.0,2242633.0,16.998
2025-08-01,101.6247,104.2533,262.11,323.291,18076.9,342178.0,2242024.0,16.9
2025-09-01,101.668,104.0752,262.054,324.245,18094.6,342277.0,2245799.0,16.985
2025-10-01,101.2195,103.1979,260.591,,18037.3,342366.0,2241141.0,15.845
2025-11-01,101.0344,102.4229,261.914,325.063,18035.1,342439.0,2220726.0,16.006
2025-12-01,101.4941,101.4848,261.333,326.031,18018.5,342495.0,2215955.0,16.4
2026-01-01,101.0388,101.5734,263.608,326.588,18134.6,342540.0,2195636.0,14.999
2026-02-01,101.9053,102.1641,269.535,327.46,18051.9,342581.0,2189683.0,15.893
2026-03-01,101.7543,102.7989,276.109,330.293,18030.5,342627.0,2199399.0,16.66
2026-04-01,102.5198,102.2184,282.755,332.407,17956.2,342680.0,2168231.0,16.642
2026-05-01,102.5099,100.7105,290.515,333.979,17999.8,342746.0,2168496.0,16.748
2026-06-01,102.7868,101.3754,286.279,332.568,18056.1,342822.0,2166539.0,17.043
2026-07-01,102.9939,101.1831,284.057,332.813,,,,16.782
