date,inc,vmt,ind,rpk,brent,cpi
1919-01-01,,,4.8739,,,
1919-02-01,,,4.6585,,,
1919-03-01,,,4.5238,,,
1919-04-01,,,4.6046,,,
1919-05-01,,,4.6315,,,
1919-06-01,,,4.9277,,,
1919-07-01,,,5.2239,,,
1919-08-01,,,5.3047,,,
1919-09-01,,,5.197,,,
1919-10-01,,,5.1432,,,
1919-11-01,,,5.0624,,,
1919-12-01,,,5.1432,,,
1920-01-01,,,5.6279,,,
1920-02-01,,,5.6279,,,
1920-03-01,,,5.5201,,,
1920-04-01,,,5.2239,,,
1920-05-01,,,5.3586,,,
1920-06-01,,,5.4124,,,
1920-07-01,,,5.2778,,,
1920-08-01,,,5.3047,,,
1920-09-01,,,5.1162,,,
1920-10-01,,,4.9008,,,
1920-11-01,,,4.4969,,,
1920-12-01,,,4.2276,,,
1921-01-01,,,3.9853,,,
1921-02-01,,,3.9045,,,
1921-03-01,,,3.7968,,,
1921-04-01,,,3.7968,,,
1921-05-01,,,3.9045,,,
1921-06-01,,,3.8776,,,
1921-07-01,,,3.8506,,,
1921-08-01,,,3.9853,,,
1921-09-01,,,4.0122,,,
1921-10-01,,,4.2545,,,
1921-11-01,,,4.2007,,,
1921-12-01,,,4.1738,,,
1922-01-01,,,4.3353,,,
1922-02-01,,,4.5238,,,
1922-03-01,,,4.7662,,,
1922-04-01,,,4.6046,,,
1922-05-01,,,4.847,,,
1922-06-01,,,5.0893,,,
1922-07-01,,,5.0893,,,
1922-08-01,,,4.9816,,,
1922-09-01,,,5.2509,,,
1922-10-01,,,5.5471,,,
1922-11-01,,,5.7894,,,
1922-12-01,,,5.951,,,
1923-01-01,,,5.8163,,,
1923-02-01,,,5.8971,,,
1923-03-01,,,6.0856,,,
1923-04-01,,,6.2203,,,
1923-05-01,,,6.301,,,
1923-06-01,,,6.2472,,,
1923-07-01,,,6.1933,,,
1923-08-01,,,6.0856,,,
1923-09-01,,,5.951,,,
1923-10-01,,,5.9241,,,
1923-11-01,,,5.9241,,,
1923-12-01,,,5.7894,,,
1924-01-01,,,5.924,,,
1924-02-01,,,6.0318,,,
1924-03-01,,,5.9241,,,
1924-04-01,,,5.7356,,,
1924-05-01,,,5.4932,,,
1924-06-01,,,5.2509,,,
1924-07-01,,,5.1701,,,
1924-08-01,,,5.3586,,,
1924-09-01,,,5.5471,,,
1924-10-01,,,5.6817,,,
1924-11-01,,,5.7894,,,
1924-12-01,,,5.951,,,
1925-01-01,,,6.1395,,,
1925-02-01,,,6.1395,,,
1925-03-01,,,6.1395,,,
1925-04-01,,,6.1933,,,
1925-05-01,,,6.1664,,,
1925-06-01,,,6.1125,,,
1925-07-01,,,6.2741,,,
1925-08-01,,,6.1664,,,
1925-09-01,,,6.0856,,,
1925-10-01,,,6.328,,,
1925-11-01,,,6.4626,,,
1925-12-01,,,6.5434,,,
1926-01-01,,,6.4357,,,
1926-02-01,,,6.4357,,,
1926-03-01,,,6.5165,,,
1926-04-01,,,6.5165,,,
1926-05-01,,,6.4626,,,
1926-06-01,,,6.5434,,,
1926-07-01,,,6.5703,,,
1926-08-01,,,6.6511,,,
1926-09-01,,,6.7588,,,
1926-10-01,,,6.7588,,,
1926-11-01,,,6.7319,,,
1926-12-01,,,6.705,,,
1927-01-01,,,6.678,,,
1927-02-01,,,6.7319,,,
1927-03-01,,,6.8127,,,
1927-04-01,,,6.6511,,,
1927-05-01,,,6.705,,,
1927-06-01,,,6.678,,,
1927-07-01,,,6.5972,,,
1927-08-01,,,6.5972,,,
1927-09-01,,,6.4895,,,
1927-10-01,,,6.3549,,,
1927-11-01,,,6.3549,,,
1927-12-01,,,6.3818,,,
1928-01-01,,,6.5165,,,
1928-02-01,,,6.5703,,,
1928-03-01,,,6.6242,,,
1928-04-01,,,6.5972,,,
1928-05-01,,,6.678,,,
1928-06-01,,,6.7319,,,
1928-07-01,,,6.8127,,,
1928-08-01,,,6.9473,,,
1928-09-01,,,7.0012,,,
1928-10-01,,,7.1358,,,
1928-11-01,,,7.2704,,,
1928-12-01,,,7.4051,,,
1929-01-01,,,7.5128,,,
1929-02-01,,,7.4858,,,
1929-03-01,,,7.5128,,,
1929-04-01,,,7.6474,,,
1929-05-01,,,7.7821,,,
1929-06-01,,,7.8359,,,
1929-07-01,,,7.9436,,,
1929-08-01,,,7.8628,,,
1929-09-01,,,7.809,,,
1929-10-01,,,7.6743,,,
1929-11-01,,,7.2974,,,
1929-12-01,,,6.9742,,,
1930-01-01,,,6.9742,,,
1930-02-01,,,6.9473,,,
1930-03-01,,,6.8396,,,
1930-04-01,,,6.7857,,,
1930-05-01,,,6.678,,,
1930-06-01,,,6.4895,,,
1930-07-01,,,6.1933,,,
1930-08-01,,,6.0587,,,
1930-09-01,,,5.951,,,
1930-10-01,,,5.7894,,,
1930-11-01,,,5.6548,,,
1930-12-01,,,5.5201,,,
1931-01-01,,,5.4932,,,
1931-02-01,,,5.5201,,,
1931-03-01,,,5.6279,,,
1931-04-01,,,5.6548,,,
1931-05-01,,,5.574,,,
1931-06-01,,,5.4394,,,
1931-07-01,,,5.3586,,,
1931-08-01,,,5.1701,,,
1931-09-01,,,4.9277,,,
1931-10-01,,,4.7392,,,
1931-11-01,,,4.6854,,,
1931-12-01,,,4.6585,,,
1932-01-01,,,4.5238,,,
1932-02-01,,,4.4161,,,
1932-03-01,,,4.3623,,,
1932-04-01,,,4.0661,,,
1932-05-01,,,3.9314,,,
1932-06-01,,,3.7968,,,
1932-07-01,,,3.6891,,,
1932-08-01,,,3.7968,,,
1932-09-01,,,4.0391,,,
1932-10-01,,,4.1738,,,
1932-11-01,,,4.1738,,,
1932-12-01,,,4.093,,,
1933-01-01,,,4.0122,,,
1933-02-01,,,4.0391,,,
1933-03-01,,,3.7968,,,
1933-04-01,,,4.0661,,,
1933-05-01,,,4.7392,,,
1933-06-01,,,5.4663,,,
1933-07-01,,,5.9779,,,
1933-08-01,,,5.7356,,,
1933-09-01,,,5.4124,,,
1933-10-01,,,5.1432,,,
1933-11-01,,,4.847,,,
1933-12-01,,,4.8739,,,
1934-01-01,,,5.0354,,,
1934-02-01,,,5.2778,,,
1934-03-01,,,5.5201,,,
1934-04-01,,,5.5201,,,
1934-05-01,,,5.6278,,,
1934-06-01,,,5.5201,,,
1934-07-01,,,5.1432,,,
1934-08-01,,,5.0893,,,
1934-09-01,,,4.7931,,,
1934-10-01,,,5.0085,,,
1934-11-01,,,5.0624,,,
1934-12-01,,,5.3855,,,
1935-01-01,,,5.8163,,,
1935-02-01,,,5.9241,,,
1935-03-01,,,5.8971,,,
1935-04-01,,,5.7894,,,
1935-05-01,,,5.7894,,,
1935-06-01,,,5.8702,,,
1935-07-01,,,5.8702,,,
1935-08-01,,,6.0856,,,
1935-09-01,,,6.2472,,,
1935-10-01,,,6.4357,,,
1935-11-01,,,6.5703,,,
1935-12-01,,,6.6511,,,
1936-01-01,,,6.5434,,,
1936-02-01,,,6.3818,,,
1936-03-01,,,6.4626,,,
1936-04-01,,,6.8665,,,
1936-05-01,,,7.0012,,,
1936-06-01,,,7.1358,,,
1936-07-01,,,7.2704,,,
1936-08-01,,,7.3781,,,
1936-09-01,,,7.5128,,,
1936-10-01,,,7.6205,,,
1936-11-01,,,7.8359,,,
1936-12-01,,,8.0783,,,
1937-01-01,,,8.0513,,,
1937-02-01,,,8.159,,,
1937-03-01,,,8.3475,,,
1937-04-01,,,8.3475,,,
1937-05-01,,,8.3745,,,
1937-06-01,,,8.2667,,,
1937-07-01,,,8.3206,,,
1937-08-01,,,8.2667,,,
1937-09-01,,,7.9975,,,
1937-10-01,,,7.4051,,,
1937-11-01,,,6.678,,,
1937-12-01,,,6.0856,,,
1938-01-01,,,5.951,,,
1938-02-01,,,5.8971,,,
1938-03-01,,,5.8971,,,
1938-04-01,,,5.7894,,,
1938-05-01,,,5.6548,,,
1938-06-01,,,5.7086,,,
1938-07-01,,,6.0318,,,
1938-08-01,,,6.3549,,,
1938-09-01,,,6.5434,,,
1938-10-01,,,6.705,,,
1938-11-01,,,6.9742,,,
1938-12-01,,,7.055,,,
1939-01-01,,,7.055,,,
1939-02-01,,,7.1089,,,
1939-03-01,,,7.1358,,,
1939-04-01,,,7.1089,,,
1939-05-01,,,7.0819,,,
1939-06-01,,,7.2435,,,
1939-07-01,,,7.4589,,,
1939-08-01,,,7.5666,,,
1939-09-01,,,8.0244,,,
1939-10-01,,,8.4283,,,
1939-11-01,,,8.6437,,,
1939-12-01,,,8.6437,,,
1940-01-01,,,8.536,,,
1940-02-01,,,8.2667,,,
1940-03-01,,,8.0783,,,
1940-04-01,,,8.2398,,,
1940-05-01,,,8.4822,,,
1940-06-01,,,8.7514,,,
1940-07-01,,,8.8592,,,
1940-08-01,,,8.913,,,
1940-09-01,,,9.1015,,,
1940-10-01,,,9.2361,,,
1940-11-01,,,9.4516,,,
1940-12-01,,,9.7747,,,
1941-01-01,,,10.017,,,
1941-02-01,,,10.3132,,,
1941-03-01,,,10.6364,,,
1941-04-01,,,10.6633,,,
1941-05-01,,,11.148,,,
1941-06-01,,,11.2288,,,
1941-07-01,,,11.3634,,,
1941-08-01,,,11.4981,,,
1941-09-01,,,11.4981,,,
1941-10-01,,,11.6058,,,
1941-11-01,,,11.6596,,,
1941-12-01,,,11.8481,,,
1942-01-01,,,12.0905,,,
1942-02-01,,,12.3059,,,
1942-03-01,,,12.4405,,,
1942-04-01,,,12.0905,,,
1942-05-01,,,12.1174,,,
1942-06-01,,,12.1443,,,
1942-07-01,,,12.4405,,,
1942-08-01,,,12.8175,,,
1942-09-01,,,13.1137,,,
1942-10-01,,,13.5445,,,
1942-11-01,,,13.8677,,,
1942-12-01,,,14.1908,,,
1943-01-01,,,14.3255,,,
1943-02-01,,,14.7024,,,
1943-03-01,,,14.8102,,,
1943-04-01,,,14.9986,,,
1943-05-01,,,15.1063,,,
1943-06-01,,,15.0256,,,
1943-07-01,,,15.4833,,,
1943-08-01,,,15.8064,,,
1943-09-01,,,16.2104,,,
1943-10-01,,,16.4527,,,
1943-11-01,,,16.6681,,,
1943-12-01,,,16.4527,,,
1944-01-01,,,16.6412,,,
1944-02-01,,,16.7758,,,
1944-03-01,,,16.7489,,,
1944-04-01,,,16.7489,,,
1944-05-01,,,16.6412,,,
1944-06-01,,,16.5874,,,
1944-07-01,,,16.5604,,,
1944-08-01,,,16.7758,,,
1944-09-01,,,16.6681,,,
1944-10-01,,,16.722,,,
1944-11-01,,,16.5873,,,
1944-12-01,,,16.5335,,,
1945-01-01,,,16.3719,,,
1945-02-01,,,16.3181,,,
1945-03-01,,,16.2104,,,
1945-04-01,,,15.9142,,,
1945-05-01,,,15.4833,,,
1945-06-01,,,15.1333,,,
1945-07-01,,,14.7832,,,
1945-08-01,,,13.2483,,,
1945-09-01,,,12.0635,,,
1945-10-01,,,11.5788,,,
1945-11-01,,,12.0097,,,
1945-12-01,,,12.0635,,,
1946-01-01,,,11.3903,,,
1946-02-01,,,10.8249,,,
1946-03-01,,,11.9558,,,
1946-04-01,,,11.7404,,,
1946-05-01,,,11.3096,,,
1946-06-01,,,12.0097,,,
1946-07-01,,,12.4136,,,
1946-08-01,,,12.8714,,,
1946-09-01,,,13.1137,,,
1946-10-01,,,13.356,,,
1946-11-01,,,13.4368,,,
1946-12-01,,,13.5176,,,
1947-01-01,,,13.6792,,,21.48
1947-02-01,,,13.76,,,21.62
1947-03-01,,,13.8407,,,22.0
1947-04-01,,,13.733,,,22.0
1947-05-01,,,13.7869,,,21.95
1947-06-01,,,13.7869,,,22.08
1947-07-01,,,13.7061,,,22.23
1947-08-01,,,13.7869,,,22.4
1947-09-01,,,13.8946,,,22.84
1947-10-01,,,14.0292,,,22.91
1947-11-01,,,14.2177,,,23.06
1947-12-01,,,14.2716,,,23.41
1948-01-01,,,14.3524,,,23.68
1948-02-01,,,14.3793,,,23.67
1948-03-01,,,14.2177,,,23.5
1948-04-01,,,14.2447,,,23.82
1948-05-01,,,14.487,,,24.01
1948-06-01,,,14.6755,,,24.15
1948-07-01,,,14.6755,,,24.4
1948-08-01,,,14.6216,,,24.43
1948-09-01,,,14.5139,,,24.36
1948-10-01,,,14.6217,,,24.31
1948-11-01,,,14.4332,,,24.16
1948-12-01,,,14.2985,,,24.05
1949-01-01,,,14.1639,,,24.01
1949-02-01,,,14.0292,,,23.91
1949-03-01,,,13.76,,,23.91
1949-04-01,,,13.6792,,,23.92
1949-05-01,,,13.4907,,,23.91
1949-06-01,,,13.4638,,,23.92
1949-07-01,,,13.4368,,,23.7
1949-08-01,,,13.5715,,,23.7
1949-09-01,,,13.7061,,,23.75
1949-10-01,,,13.1945,,,23.67
1949-11-01,,,13.5446,,,23.7
1949-12-01,,,13.7869,,,23.61
1950-01-01,,,14.0292,,,23.51
1950-02-01,,,14.0831,,,23.61
1950-03-01,,,14.5409,,,23.64
1950-04-01,,,15.0255,,,23.65
1950-05-01,,,15.3756,,,23.77
1950-06-01,,,15.8334,,,23.88
1950-07-01,,,16.345,,,24.07
1950-08-01,,,16.8566,,,24.2
1950-09-01,,,16.7489,,,24.34
1950-10-01,,,16.8566,,,24.5
1950-11-01,,,16.8297,,,24.6
1950-12-01,,,17.1259,,,24.98
1951-01-01,,,17.1797,,,25.38
1951-02-01,,,17.2875,,,25.83
1951-03-01,,,17.3682,,,25.88
1951-04-01,,,17.3952,,,25.92
1951-05-01,,,17.3413,,,25.99
1951-06-01,,,17.2605,,,25.93
1951-07-01,,,16.9913,,,25.91
1951-08-01,,,16.8297,,,25.86
1951-09-01,,,16.9374,,,26.03
1951-10-01,,,16.9105,,,26.16
1951-11-01,,,17.0451,,,26.32
1951-12-01,,,17.1528,,,26.47
1952-01-01,,,17.3413,,,26.45
1952-02-01,,,17.449,,,26.41
1952-03-01,,,17.5029,,,26.39
1952-04-01,,,17.3413,,,26.46
1952-05-01,,,17.1798,,,26.47
1952-06-01,,,17.0182,,,26.53
1952-07-01,,,16.7489,,,26.68
1952-08-01,,,17.826,,,26.69
1952-09-01,,,18.4723,,,26.63
1952-10-01,,,18.6608,,,26.69
1952-11-01,,,19.0378,,,26.69
1952-12-01,,,19.1455,,,26.71
1953-01-01,,,19.1993,,,26.64
1953-02-01,,,19.307,,,26.59
1953-03-01,,,19.4686,,,26.63
1953-04-01,,,19.5494,,,26.69
1953-05-01,,,19.6571,,,26.7
1953-06-01,,,19.5763,,,26.77
1953-07-01,,,19.8187,,,26.79
1953-08-01,,,19.7109,,,26.85
1953-09-01,,,19.307,,,26.89
1953-10-01,,,19.1455,,,26.95
1953-11-01,,,18.6877,,,26.85
1953-12-01,,,18.2299,,,26.87
1954-01-01,,,18.0953,,,26.94
1954-02-01,,,18.1492,,,26.99
1954-03-01,,,18.0414,,,26.93
1954-04-01,,,17.9337,,,26.86
1954-05-01,,,18.0414,,,26.93
1954-06-01,,,18.0953,,,26.94
1954-07-01,,,18.1222,,,26.86
1954-08-01,,,18.0953,,,26.85
1954-09-01,,,18.1222,,,26.81
1954-10-01,,,18.3377,,,26.72
1954-11-01,,,18.6338,,,26.78
1954-12-01,,,18.8762,,,26.77
1955-01-01,,,19.307,,,26.77
1955-02-01,,,19.5494,,,26.82
1955-03-01,,,20.0071,,,26.79
1955-04-01,,,20.2495,,,26.79
1955-05-01,,,20.5726,,,26.77
1955-06-01,,,20.5996,,,26.71
1955-07-01,,,20.7611,,,26.76
1955-08-01,,,20.7342,,,26.72
1955-09-01,,,20.8688,,,26.85
1955-10-01,,,21.2189,,,26.82
1955-11-01,,,21.2727,,,26.88
1955-12-01,,,21.3535,,,26.87
1956-01-01,,,21.4882,,,26.83
1956-02-01,,,21.2997,,,26.86
1956-03-01,,,21.2997,,,26.89
1956-04-01,,,21.4612,,,26.93
1956-05-01,,,21.2728,,,27.03
1956-06-01,,,21.0843,,,27.15
1956-07-01,,,20.438,,,27.29
1956-08-01,,,21.2727,,,27.31
1956-09-01,,,21.7574,,,27.35
1956-10-01,,,21.9459,,,27.51
1956-11-01,,,21.7574,,,27.51
1956-12-01,,,22.0806,,,27.63
1957-01-01,,,21.9998,,,27.67
1957-02-01,,,22.2152,,,27.8
1957-03-01,,,22.1883,,,27.86
1957-04-01,,,21.8921,,,27.93
1957-05-01,,,21.8113,,,28.0
1957-06-01,,,21.8652,,,28.11
1957-07-01,,,21.9998,,,28.19
1957-08-01,,,21.9998,,,28.28
1957-09-01,,,21.8113,,,28.32
1957-10-01,,,21.4882,,,28.32
1957-11-01,,,20.9765,,,28.41
1957-12-01,,,20.5726,,,28.47
1958-01-01,,,20.1956,,,28.64
1958-02-01,,,19.7648,,,28.7
1958-03-01,,,19.5225,,,28.87
1958-04-01,,,19.1993,,,28.94
1958-05-01,,,19.3878,,,28.94
1958-06-01,,,19.8994,,,28.91
1958-07-01,,,20.1956,,,28.89
1958-08-01,,,20.5995,,,28.94
1958-09-01,,,20.7881,,,28.91
1958-10-01,,,21.0304,,,28.91
1958-11-01,,,21.6497,,,28.95
1958-12-01,,,21.6767,,,28.97
1959-01-01,2318.4,,21.9998,,,29.01
1959-02-01,2325.4,,22.4306,,,29.0
1959-03-01,2338.7,,22.7538,,,28.97
1959-04-01,2353.8,,23.2384,,,28.98
1959-05-01,2366.6,,23.5885,,,29.04
1959-06-01,2374.5,,23.6155,,,29.11
1959-07-01,2370.8,,23.05,,,29.15
1959-08-01,2356.8,,22.2691,,,29.18
1959-09-01,2357.8,,22.2421,,,29.25
1959-10-01,2359.5,,22.0806,,,29.35
1959-11-01,2376.6,,22.2152,,,29.35
1959-12-01,2399.7,,23.5885,,,29.41
1960-01-01,2404.9,,24.2078,,,29.37
1960-02-01,2405.3,,23.9924,,,29.41
1960-03-01,2408.1,,23.777,,,29.41
1960-04-01,2417.3,,23.5885,,,29.54
1960-05-01,2422.6,,23.5616,,,29.57
1960-06-01,2424.9,,23.2654,,,29.61
1960-07-01,2428.8,,23.1846,,,29.55
1960-08-01,2423.3,,23.1577,,,29.61
1960-09-01,2426.7,,22.9153,,,29.61
1960-10-01,2435.6,,22.8884,,,29.75
1960-11-01,2425.5,,22.5653,,,29.78
1960-12-01,2414.6,,22.1344,,,29.81
1961-01-01,2437.9,,22.1613,,,29.84
1961-02-01,2448.1,,22.1344,,,29.84
1961-03-01,2458.4,,22.2691,,,29.84
1961-04-01,2463.4,,22.7268,,,29.81
1961-05-01,2483.5,,23.0769,,,29.84
1961-06-01,2509.1,,23.4,,,29.84
1961-07-01,2517.6,,23.6693,,,29.92
1961-08-01,2517.7,,23.8847,,,29.94
1961-09-01,2519.9,,23.8578,,,29.98
1961-10-01,2546.6,,24.3156,,,29.98
1961-11-01,2570.1,,24.6926,,,29.98
1961-12-01,2585.8,,24.908,,,30.01
1962-01-01,2579.4,,24.6925,,,30.04
1962-02-01,2590.9,,25.0964,,,30.11
1962-03-01,2608.1,,25.2311,,,30.17
1962-04-01,2619.6,,25.285,,,30.21
1962-05-01,2621.1,,25.258,,,30.24
1962-06-01,2621.6,,25.2042,,,30.21
1962-07-01,2633.0,,25.4465,,,30.22
1962-08-01,2635.5,,25.4734,,,30.28
1962-09-01,2636.3,,25.635,,,30.42
1962-10-01,2649.3,,25.6619,,,30.38
1962-11-01,2656.5,,25.7696,,,30.38
1962-12-01,2669.0,,25.7696,,,30.38
1963-01-01,2688.2,,25.9581,,,30.44
1963-02-01,2672.3,,26.2544,,,30.48
1963-03-01,2683.6,,26.4159,,,30.51
1963-04-01,2694.6,,26.6582,,,30.48
1963-05-01,2705.0,,26.9814,,,30.51
1963-06-01,2718.6,,27.0622,,,30.61
1963-07-01,2721.6,,26.9545,,,30.69
1963-08-01,2732.5,,27.0083,,,30.75
1963-09-01,2752.9,,27.2776,,,30.72
1963-10-01,2768.9,,27.4661,,,30.75
1963-11-01,2774.7,,27.6007,,,30.78
1963-12-01,2797.1,,27.5469,,,30.88
1964-01-01,2806.4,,27.7892,,,30.94
1964-02-01,2815.3,,27.9777,,,30.91
1964-03-01,2882.1,,27.9777,,,30.94
1964-04-01,2897.7,,28.4355,,,30.95
1964-05-01,2912.9,,28.597,,,30.98
1964-06-01,2922.5,,28.6778,,,31.01
1964-07-01,2936.4,,28.8663,,,31.02
1964-08-01,2949.4,,29.0548,,,31.05
1964-09-01,2961.1,,29.1625,,,31.08
1964-10-01,2960.2,,28.7586,,,31.12
1964-11-01,2979.4,,29.6472,,,31.21
1964-12-01,3008.0,,29.9973,,,31.25
1965-01-01,3013.8,,30.3204,,,31.28
1965-02-01,3014.5,,30.5089,,,31.28
1965-03-01,3024.6,,30.9128,,,31.31
1965-04-01,3027.8,,31.0474,,,31.38
1965-05-01,3061.4,,31.2898,,,31.48
1965-06-01,3065.8,,31.5321,,,31.61
1965-07-01,3097.8,,31.8283,,,31.58
1965-08-01,3113.1,,31.963,,,31.55
1965-09-01,3194.5,,32.0438,,,31.62
1965-10-01,3178.9,,32.3669,,,31.65
1965-11-01,3201.4,,32.5015,,,31.75
1965-12-01,3214.6,,32.9054,,,31.85
1966-01-01,3216.8,,33.2286,,,31.88
1966-02-01,3230.2,,33.444,,,32.08
1966-03-01,3242.8,,33.9018,,,32.18
1966-04-01,3230.5,,33.9556,,,32.28
1966-05-01,3235.7,,34.2787,,,32.35
1966-06-01,3249.2,,34.4403,,,32.38
1966-07-01,3260.4,,34.6288,,,32.45
1966-08-01,3277.2,,34.6557,,,32.65
1966-09-01,3296.6,,34.9789,,,32.75
1966-10-01,3307.3,,35.2212,,,32.85
1966-11-01,3322.5,,34.9788,,,32.88
1966-12-01,3319.6,,35.0596,,,32.92
1967-01-01,3353.7,,35.225,,,32.9
1967-02-01,3360.2,,34.8255,,,33.0
1967-03-01,3385.5,,34.6292,,,33.0
1967-04-01,3384.5,,34.9558,,,33.1
1967-05-01,3391.3,,34.6508,,,33.1
1967-06-01,3403.8,,34.6465,,,33.3
1967-07-01,3417.4,,34.5676,,,33.4
1967-08-01,3429.7,,35.2299,,,33.5
1967-09-01,3429.3,,35.1727,,,33.6
1967-10-01,3434.5,,35.4591,,,33.7
1967-11-01,3455.3,,35.9663,,,33.9
1967-12-01,3461.6,,36.3536,,,34.0
1968-01-01,3480.2,,36.3145,,,34.1
1968-02-01,3505.4,,36.4446,,,34.2
1968-03-01,3538.4,,36.5584,,,34.3
1968-04-01,3550.7,,36.6113,,,34.4
1968-05-01,3565.2,,37.022,,,34.5
1968-06-01,3581.3,,37.158,,,34.7
1968-07-01,3573.9,,37.101,,,34.9
1968-08-01,3578.5,,37.2045,,,35.0
1968-09-01,3578.9,,37.3454,,,35.1
1968-10-01,3591.7,,37.4196,,,35.3
1968-11-01,3605.1,,37.9036,,,35.4
1968-12-01,3617.6,,38.0233,,,35.6
1969-01-01,3611.0,,38.2533,,,35.7
1969-02-01,3611.8,,38.4981,,,35.8
1969-03-01,3618.3,,38.8,,,36.1
1969-04-01,3613.0,,38.6573,,,36.3
1969-05-01,3654.1,,38.5111,,,36.4
1969-06-01,3679.9,,38.8874,,,36.6
1969-07-01,3705.6,,39.0927,,,36.8
1969-08-01,3728.3,,39.1825,,,36.9
1969-09-01,3736.6,,39.1737,,,37.1
1969-10-01,3745.4,,39.1852,,,37.3
1969-11-01,3751.9,,38.8158,,,37.5
1969-12-01,3758.6,,38.7116,,,37.7
1970-01-01,3778.6,80173.0,37.9948,,,37.9
1970-02-01,3790.5,77442.0,37.9698,,,38.1
1970-03-01,3805.0,90223.0,37.9205,,,38.3
1970-04-01,3846.0,89956.0,37.823,,,38.5
1970-05-01,3830.3,97972.0,37.7789,,,38.6
1970-06-01,3838.2,100035.0,37.6567,,,38.8
1970-07-01,3892.6,106392.0,37.7491,,,38.9
1970-08-01,3905.1,106969.0,37.6818,,,39.0
1970-09-01,3900.8,95254.0,37.4221,,,39.2
1970-10-01,3888.1,96317.0,36.6735,,,39.4
1970-11-01,3882.3,89684.0,36.4514,,,39.6
1970-12-01,3900.0,89911.0,37.2885,,,39.8
1971-01-01,3959.8,85336.0,37.5753,,,39.9
1971-02-01,3965.2,80118.0,37.5037,,,39.9
1971-03-01,3978.2,92974.0,37.4631,,,40.0
1971-04-01,3986.5,98106.0,37.6735,,,40.1
1971-05-01,4002.6,103655.0,37.8646,,,40.3
1971-06-01,4087.3,105433.0,38.0234,,,40.5
1971-07-01,4029.1,112466.0,37.9131,,,40.6
1971-08-01,4043.3,112642.0,37.693,,,40.7
1971-09-01,4067.3,101290.0,38.3056,,,40.8
1971-10-01,4080.4,102525.0,38.5924,,,40.9
1971-11-01,4090.0,95555.0,38.7561,,,41.0
1971-12-01,4110.9,95515.0,39.2035,,,41.1
1972-01-01,4090.1,92465.0,40.1408,,,41.2
1972-02-01,4115.2,88272.0,40.5459,,,41.4
1972-03-01,4132.3,102926.0,40.8263,,,41.4
1972-04-01,4130.6,103238.0,41.2348,,,41.5
1972-05-01,4160.9,110945.0,41.2405,,,41.6
1972-06-01,4174.2,113265.0,41.3497,,,41.7
1972-07-01,4204.5,118594.0,41.3035,,,41.8
1972-08-01,4243.5,119913.0,41.879,,,41.9
1972-09-01,4260.0,108072.0,42.2132,,,42.1
1972-10-01,4366.9,108841.0,42.7494,,,42.2
1972-11-01,4415.4,100791.0,43.2548,,,42.4
1972-12-01,4435.1,101040.0,43.7367,,,42.5
1973-01-01,4411.9,96664.0,44.0529,,,42.7
1973-02-01,4444.7,92567.0,44.6827,,,43.0
1973-03-01,4461.0,107490.0,44.7045,,,43.4
1973-04-01,4466.7,108120.0,44.6387,,,43.7
1973-05-01,4475.0,114819.0,44.9429,,,43.9
1973-06-01,4488.3,115859.0,45.0035,,,44.2
1973-07-01,4499.0,121685.0,45.1636,,,44.2
1973-08-01,4484.4,124426.0,45.1019,,,45.0
1973-09-01,4507.3,110332.0,45.4624,,,45.2
1973-10-01,4546.9,113089.0,45.847,,,45.6
1973-11-01,4554.1,104381.0,46.0553,,,45.9
1973-12-01,4537.2,98856.0,45.923,,,46.3
1974-01-01,4504.1,95030.0,45.6204,,,46.8
1974-02-01,4470.2,86426.0,45.4759,,,47.3
1974-03-01,4438.2,100736.0,45.4777,,,47.8
1974-04-01,4435.1,104579.0,45.3451,,,48.1
1974-05-01,4430.6,112167.0,45.7044,,,48.6
1974-06-01,4421.7,113888.0,45.6238,,,49.0
1974-07-01,4438.7,120890.0,45.7221,,,49.3
1974-08-01,4432.6,124070.0,45.2366,,,49.9
1974-09-01,4428.0,109125.0,45.2365,,,50.6
1974-10-01,4442.6,112572.0,45.1133,,,51.0
1974-11-01,4419.0,105079.0,43.6278,,,51.5
1974-12-01,4419.7,105083.0,42.0533,,,51.9
1975-01-01,4417.4,98342.0,41.4676,,,52.3
1975-02-01,4420.1,91303.0,40.5165,,,52.6
1975-03-01,4424.1,106070.0,40.0638,,,52.8
1975-04-01,4505.1,107133.0,40.1573,,,53.0
1975-05-01,4765.1,116659.0,40.0253,,,53.1
1975-06-01,4604.9,118388.0,40.2772,,,53.5
1975-07-01,4533.9,124493.0,40.6994,,,54.0
1975-08-01,4564.1,126103.0,41.0998,,,54.2
1975-09-01,4575.2,111399.0,41.6304,,,54.6
1975-10-01,4594.3,115250.0,41.8135,,,54.9
1975-11-01,4590.9,106990.0,41.8697,,,55.3
1975-12-01,4595.3,107945.0,42.4414,,,55.6
1976-01-01,4625.1,102460.0,43.0012,,,55.8
1976-02-01,4653.7,98528.0,43.4229,,,55.9
1976-03-01,4667.6,114284.0,43.5168,,,56.0
1976-04-01,4673.7,117014.0,43.7327,,,56.1
1976-05-01,4673.8,123278.0,43.9186,,,56.4
1976-06-01,4678.3,124128.0,43.9637,,,56.7
1976-07-01,4705.1,130891.0,44.2141,,,57.0
1976-08-01,4714.6,131913.0,44.5182,,,57.3
1976-09-01,4715.6,119431.0,44.6721,,,57.6
1976-10-01,4707.4,121210.0,44.6585,,,57.9
1976-11-01,4749.8,112996.0,45.3392,,,58.1
1976-12-01,4767.9,113030.0,45.8294,,,58.4
1977-01-01,4758.3,102445.0,45.5087,,,58.7
1977-02-01,4716.2,102416.0,46.2277,,,59.3
1977-03-01,4782.4,119960.0,46.8185,,,59.6
1977-04-01,4789.7,121513.0,47.2684,,,60.0
1977-05-01,4790.6,128884.0,47.6411,,,60.2
1977-06-01,4810.5,129321.0,48.0116,,,60.5
1977-07-01,4841.6,136199.0,48.073,,,60.8
1977-08-01,4861.2,136337.0,48.1205,,,61.1
1977-09-01,4887.8,124203.0,48.3189,,,61.3
1977-10-01,4923.4,127388.0,48.3871,,,61.6
1977-11-01,4962.7,118486.0,48.4761,,,62.0
1977-12-01,4983.5,116257.0,48.5629,,,62.3
1978-01-01,4962.0,109838.0,47.8481,,,62.7
1978-02-01,4991.5,107018.0,48.1044,,,63.0
1978-03-01,5033.0,125035.0,49.0265,,,63.4
1978-04-01,5050.5,122741.0,50.0206,,,63.9
1978-05-01,5047.2,134427.0,50.254,,,64.5
1978-06-01,5047.5,138883.0,50.5801,,,65.0
1978-07-01,5072.8,148209.0,50.5384,,,65.5
1978-08-01,5094.2,149461.0,50.7458,,,65.9
1978-09-01,5095.8,131385.0,50.8744,,,66.5
1978-10-01,5109.5,132930.0,51.2559,,,67.1
1978-11-01,5114.1,123690.0,51.6514,,,67.5
1978-12-01,5139.6,124595.0,51.909,,,67.9
1979-01-01,5164.0,114354.0,51.6278,,,68.5
1979-02-01,5184.7,109650.0,51.8752,,,69.2
1979-03-01,5198.5,131406.0,52.0446,,,69.9
1979-04-01,5156.1,129539.0,51.4193,,,70.6
1979-05-01,5132.2,132394.0,51.8856,,,71.4
1979-06-01,5118.9,131192.0,51.8965,,,72.2
1979-07-01,5156.2,134853.0,51.8097,,,73.0
1979-08-01,5163.7,139942.0,51.4684,,,73.7
1979-09-01,5159.3,127576.0,51.4597,,,74.4
1979-10-01,5156.6,131619.0,51.8334,,,75.2
1979-11-01,5171.2,123381.0,51.7531,,,76.0
1979-12-01,5182.2,123226.0,51.7878,,,76.9
1980-01-01,5218.8,116462.0,52.0679,,,78.0
1980-02-01,5191.3,107338.0,52.082,,,79.0
1980-03-01,5159.0,125179.0,51.87,,,80.1
1980-04-01,5153.4,125698.0,50.8397,,,80.9
1980-05-01,5134.3,131269.0,49.589,,,81.7
1980-06-01,5145.1,131679.0,48.9482,,,82.5
1980-07-01,5189.8,136250.0,48.6039,,,82.6
1980-08-01,5194.8,138666.0,48.7563,,,83.2
1980-09-01,5216.6,127482.0,49.5608,,,83.9
1980-10-01,5257.1,132615.0,50.1908,,,84.7
1980-11-01,5264.5,123420.0,51.0311,,,85.6
1980-12-01,5288.4,124798.0,51.3708,,,86.4
1981-01-01,5267.1,116049.0,51.0415,,,87.2
1981-02-01,5250.2,109765.0,50.824,,,88.0
1981-03-01,5264.4,127798.0,51.0826,,,88.6
1981-04-01,5249.0,128465.0,50.858,,,89.1
1981-05-01,5258.8,134305.0,51.1495,,,89.7
1981-06-01,5287.2,135545.0,51.4101,,,90.5
1981-07-01,5370.5,141253.0,51.7471,,,91.5
1981-08-01,5386.1,143464.0,51.6826,,,92.2
1981-09-01,5376.3,131185.0,51.4337,,,93.1
1981-10-01,5382.3,133216.0,51.0281,,,93.4
1981-11-01,5385.0,124804.0,50.435,,,93.8
1981-12-01,5377.6,124421.0,49.8987,,,94.1
1982-01-01,5384.7,109757.0,48.8685,,,94.4
1982-02-01,5399.5,107512.0,49.8636,,,94.7
1982-03-01,5398.9,128182.0,49.5323,,,94.7
1982-04-01,5452.7,129845.0,49.075,,,95.0
1982-05-01,5430.3,140283.0,48.7483,,,95.9
1982-06-01,5400.9,142111.0,48.6214,,,97.0
1982-07-01,5450.4,152200.0,48.4616,,,97.5
1982-08-01,5459.3,153300.0,48.0192,,,97.7
1982-09-01,5457.7,136311.0,47.9008,,,97.7
1982-10-01,5452.2,138780.0,47.4371,,,98.1
1982-11-01,5474.3,127061.0,47.283,,,98.0
1982-12-01,5500.9,127139.0,46.9485,,,97.7
1983-01-01,5520.0,119436.0,47.8234,,,97.9
1983-02-01,5522.6,111828.0,47.5233,,,98.0
1983-03-01,5549.2,132814.0,47.9244,,,98.1
1983-04-01,5561.3,132741.0,48.5311,,,98.8
1983-05-01,5572.5,143619.0,48.8239,,,99.2
1983-06-01,5576.8,146738.0,49.123,,,99.4
1983-07-01,5647.0,156823.0,49.8546,,,99.8
1983-08-01,5635.9,157649.0,50.4443,,,100.1
1983-09-01,5676.2,139938.0,51.178,,,100.4
1983-10-01,5726.4,144044.0,51.5693,,,100.8
1983-11-01,5775.0,133700.0,51.7993,,,101.1
1983-12-01,5825.9,129776.0,52.0594,,,101.4
1984-01-01,5851.3,122529.0,53.0985,,,102.1
1984-02-01,5884.8,117483.0,53.3318,,,102.6
1984-03-01,5922.6,137307.0,53.5929,,,102.9
1984-04-01,5962.5,141327.0,53.91,,,103.3
1984-05-01,5971.0,151046.0,54.2026,,,103.5
1984-06-01,6010.3,153403.0,54.4014,,,103.7
1984-07-01,6017.6,161702.0,54.5521,,,104.1
1984-08-01,6058.5,164920.0,54.6083,,,104.4
1984-09-01,6101.7,146074.0,54.4466,,,104.7
1984-10-01,6079.2,147610.0,54.4406,,,105.1
1984-11-01,6105.7,137272.0,54.624,,,105.3
1984-12-01,6143.3,136095.0,54.6416,,,105.5
1985-01-01,6141.6,124122.0,54.6322,,,105.7
1985-02-01,6085.2,119367.0,54.7825,,,106.3
1985-03-01,6057.8,144424.0,54.8653,,,106.8
1985-04-01,6159.5,147635.0,54.7459,,,107.0
1985-05-01,6310.8,156726.0,54.8255,,,107.2
1985-06-01,6178.9,158703.0,54.7989,,,107.5
1985-07-01,6192.8,166881.0,54.5396,,,107.7
1985-08-01,6189.0,169437.0,54.7055,,,107.9
1985-09-01,6216.2,150424.0,54.8906,,,108.1
1985-10-01,6247.8,154587.0,54.7199,,,108.5
1985-11-01,6258.1,140872.0,54.9124,,,109.0
1985-12-01,6296.4,141584.0,55.4412,,,109.5
1986-01-01,6308.5,132998.0,55.7481,,,109.9
1986-02-01,6341.7,123526.0,55.3568,,,109.7
1986-03-01,6406.5,151183.0,54.9625,,,109.1
1986-04-01,6430.4,150277.0,55.0413,,,108.7
1986-05-01,6435.8,160459.0,55.1226,,,109.0
1986-06-01,6429.8,162370.0,54.9005,,,109.4
1986-07-01,6461.8,171114.0,55.2592,,,109.5
1986-08-01,6469.4,173977.0,55.1567,,,109.6
1986-09-01,6472.9,155462.0,55.2975,,,110.0
1986-10-01,6466.0,159434.0,55.5332,,,110.2
1986-11-01,6466.7,147813.0,55.7557,,,110.4
1986-12-01,6473.8,149628.0,56.2845,,,110.8
1987-01-01,6494.2,139918.0,56.0882,,,111.4
1987-02-01,6525.0,135996.0,56.8275,,,111.8
1987-03-01,6530.5,157573.0,56.9098,,,112.2
1987-04-01,6282.3,159801.0,57.2701,,,112.7
1987-05-01,6537.0,167776.0,57.6322,,,113.0
1987-06-01,6527.6,167826.0,57.9307,,,113.5
1987-07-01,6545.8,175783.0,58.3258,,,113.8
1987-08-01,6574.0,177378.0,58.7636,,,114.3
1987-09-01,6575.3,164184.0,58.9951,,,114.7
1987-10-01,6619.6,166836.0,59.781,,,115.0
1987-11-01,6648.1,155676.0,60.0726,,,115.4
1987-12-01,6711.5,155580.0,60.4095,,,115.6
1988-01-01,6730.2,148879.0,60.3976,,,116.0
1988-02-01,6773.5,141748.0,60.7003,,,116.2
1988-03-01,6804.3,167836.0,60.8501,,,116.5
1988-04-01,6830.1,166804.0,61.2031,,,117.2
1988-05-01,6841.7,178042.0,61.0797,,,117.5
1988-06-01,6868.5,178690.0,61.2569,,,118.0
1988-07-01,6898.2,184779.0,61.2659,,,118.5
1988-08-01,6918.4,184503.0,61.5731,,,119.0
1988-09-01,6932.4,171072.0,61.3807,,,119.5
1988-10-01,6969.9,175478.0,61.6453,,,119.9
1988-11-01,6971.9,162957.0,61.7944,,,120.3
1988-12-01,7005.2,164798.0,62.0743,,,120.7
1989-01-01,7033.4,159750.0,62.2574,,,121.2
1989-02-01,7052.7,146732.0,61.9819,,,121.6
1989-03-01,7087.1,174990.0,62.1369,,,122.2
1989-04-01,7050.0,174320.0,62.1276,,,123.1
1989-05-01,7017.2,184823.0,61.7744,,,123.7
1989-06-01,7036.7,184094.0,61.7697,,,124.1
1989-07-01,7061.3,190985.0,61.1738,,,124.5
1989-08-01,7080.0,194172.0,61.7732,,,124.5
1989-09-01,7101.4,177326.0,61.5796,,,124.8
1989-10-01,7136.8,182583.0,61.4966,,,125.4
1989-11-01,7144.0,169735.0,61.7044,,,125.9
1989-12-01,7144.7,167530.0,62.0428,,,126.3
1990-01-01,7187.4,163600.0,61.729,,,127.5
1990-02-01,7203.3,153559.0,62.2896,,,128.0
1990-03-01,7206.1,178771.0,62.5999,,,128.6
1990-04-01,7253.4,179033.0,62.4359,,,128.9
1990-05-01,7245.8,189247.0,62.6258,,,129.1
1990-06-01,7257.3,189529.0,62.8382,,,129.9
1990-07-01,7283.7,195470.0,62.7284,,,130.5
1990-08-01,7239.1,197057.0,62.9475,,,131.6
1990-09-01,7236.8,178415.0,62.9523,,,132.5
1990-10-01,7178.7,182634.0,62.5845,,,133.4
1990-11-01,7181.9,171565.0,61.7887,,,133.7
1990-12-01,7224.7,168621.0,61.3352,,,134.2
1991-01-01,7205.7,157889.0,61.1355,,,134.7
1991-02-01,7216.8,153351.0,60.6838,,,134.8
1991-03-01,7229.1,179076.0,60.3346,,,134.8
1991-04-01,7258.0,179538.0,60.4938,,,135.1
1991-05-01,7259.5,191929.0,61.0633,,,135.6
1991-06-01,7296.7,193467.0,61.5581,,,136.0
1991-07-01,7282.0,198387.0,61.7305,,,136.2
1991-08-01,7298.3,204063.0,61.7298,,,136.6
1991-09-01,7317.7,183594.0,62.2195,,,137.0
1991-10-01,7328.0,188445.0,62.1855,,,137.2
1991-11-01,7338.4,169693.0,62.0871,,,137.8
1991-12-01,7403.6,172782.0,61.7852,,,138.2
1992-01-01,7474.8,167652.0,61.4616,,18.15652173913043,138.3
1992-02-01,7507.2,160204.0,61.8955,,18.11,138.6
1992-03-01,7513.8,183778.0,62.4232,,17.65909090909091,139.1
1992-04-01,7535.0,186069.0,62.897,,19.01590909090909,139.4
1992-05-01,7570.2,196725.0,63.104,,19.98095238095238,139.7
1992-06-01,7601.6,197232.0,63.1363,,21.18863636363636,140.1
1992-07-01,7595.9,206616.0,63.7176,,20.32608695652174,140.5
1992-08-01,7622.6,204753.0,63.3613,,19.79285714285714,140.8
1992-09-01,7586.9,190908.0,63.5703,,20.28863636363636,141.1
1992-10-01,7537.9,194836.0,63.9995,,20.31136363636364,141.7
1992-11-01,7549.3,177380.0,64.2422,,19.19619047619048,142.1
1992-12-01,7818.6,180999.0,64.3507,,18.27260869565217,142.3
1993-01-01,7648.1,171680.0,64.5978,,17.50714285714286,142.8
1993-02-01,7684.5,162844.0,64.9089,,18.4455,143.1
1993-03-01,7660.8,187869.0,64.8522,,18.84260869565217,143.3
1993-04-01,7700.6,188737.0,65.0301,,18.78272727272727,143.8
1993-05-01,7689.4,205981.0,64.784,,18.57809523809524,144.2
1993-06-01,7675.1,199414.0,64.9301,,17.63409090909091,144.3
1993-07-01,7694.3,209838.0,65.1052,,16.80863636363636,144.5
1993-08-01,7705.4,209634.0,65.0267,,16.83681818181818,144.8
1993-09-01,7684.4,193765.0,65.3717,,16.13954545454545,145.0
1993-10-01,7646.9,197793.0,65.8509,,16.64238095238095,145.6
1993-11-01,7668.1,182322.0,66.1518,,15.24,146.0
1993-12-01,7929.4,186828.0,66.5436,,13.5595652173913,146.3
1994-01-01,7780.4,169314.0,66.7351,,14.27380952380952,146.3
1994-02-01,7795.0,166444.0,66.774,,13.7695,146.7
1994-03-01,7820.5,196190.0,67.4552,,13.77,147.1
1994-04-01,7820.4,195407.0,67.8541,,15.09380952380952,147.2
1994-05-01,7910.6,206594.0,68.1663,,16.42090909090909,147.5
1994-06-01,7898.1,207280.0,68.6265,,17.10545454545455,147.9
1994-07-01,7905.0,214778.0,68.7178,,18.1247619047619,148.4
1994-08-01,7914.4,215045.0,69.1785,,16.91260869565217,149.0
1994-09-01,7949.0,200511.0,69.3961,,16.03863636363636,149.3
1994-10-01,8024.4,202864.0,69.9544,,16.55095238095238,149.4
1994-11-01,8023.9,190074.0,70.4326,,17.41409090909091,149.8
1994-12-01,8060.2,193087.0,71.1523,,16.04136363636364,150.1
1995-01-01,8086.0,193838.0,71.2734,,16.65409090909091,150.5
1995-02-01,8102.0,171053.0,71.193,,17.271,150.9
1995-03-01,8124.2,201227.0,71.3113,,17.23652173913043,151.2
1995-04-01,8064.0,198213.0,71.1882,,18.824,151.8
1995-05-01,8145.6,212586.0,71.5378,,18.67782608695652,152.1
1995-06-01,8169.8,211370.0,71.7749,,17.35318181818182,152.4
1995-07-01,8187.8,217188.0,71.4748,,16.08095238095238,152.6
1995-08-01,8193.0,219216.0,72.4223,,16.25521739130435,152.9
1995-09-01,8219.4,203866.0,72.7144,,16.69190476190476,153.1
1995-10-01,8228.4,206745.0,72.5866,,16.19363636363636,153.5
1995-11-01,8250.5,194131.0,72.7779,,16.91045454545455,153.7
1995-12-01,8261.3,193341.0,73.0305,,18.23619047619048,153.9
1996-01-01,8272.1,183465.0,72.6125,,18.13521739130435,154.7
1996-02-01,8335.8,176562.0,73.6752,,17.84619047619048,155.0
1996-03-01,8362.4,204172.0,73.585,,19.80952380952381,155.5
1996-04-01,8311.8,205253.0,74.3172,,21.20045454545455,156.1
1996-05-01,8416.8,218676.0,74.8726,,19.31913043478261,156.4
1996-06-01,8467.1,215551.0,75.4433,,18.5775,156.7
1996-07-01,8444.0,225109.0,75.4549,,19.71478260869565,157.0
1996-08-01,8464.7,229050.0,75.8411,,20.60590909090909,157.2
1996-09-01,8483.9,207604.0,76.3158,,23.08142857142857,157.7
1996-10-01,8482.7,215654.0,76.3384,,24.27347826086957,158.2
1996-11-01,8505.1,199643.0,77.0397,,23.10238095238095,158.7
1996-12-01,8533.1,201462.0,77.5333,,24.03636363636364,159.1
1997-01-01,8556.4,190126.0,77.6562,,23.60565217391304,159.4
1997-02-01,8579.2,183950.0,78.5833,,20.9205,159.7
1997-03-01,8619.0,211952.0,79.082,,19.55952380952381,159.8
1997-04-01,8624.5,211290.0,79.1747,,17.77545454545455,159.9
1997-05-01,8661.9,226082.0,79.6133,,19.24545454545455,159.9
1997-06-01,8689.7,222254.0,79.9792,,17.80380952380952,160.2
1997-07-01,8723.1,236713.0,80.6624,,18.55652173913043,160.4
1997-08-01,8768.6,233496.0,81.4694,,18.81571428571429,160.8
1997-09-01,8791.5,213547.0,82.2156,,18.58181818181818,161.2
1997-10-01,8834.8,221219.0,82.9446,,20.13260869565217,161.5
1997-11-01,8892.2,202422.0,83.5978,,19.309,161.7
1997-12-01,8944.3,207322.0,83.9538,,17.41782608695652,161.8
1998-01-01,9022.9,196870.0,84.3218,,15.51045454545455,162.0
1998-02-01,9081.2,187167.0,84.4583,,14.366,162.0
1998-03-01,9134.4,214222.0,84.488,,13.46,162.0
1998-04-01,9164.1,217921.0,84.7779,,13.80909090909091,162.2
1998-05-01,9202.0,227899.0,85.3367,,14.50857142857143,162.6
1998-06-01,9254.2,228733.0,84.8248,,13.05954545454545,162.8
1998-07-01,9270.0,239944.0,84.4986,,12.52347826086957,163.2
1998-08-01,9299.3,237143.0,86.248,,12.15285714285714,163.4
1998-09-01,9325.5,219461.0,86.2021,,13.62636363636364,163.5
1998-10-01,9337.5,228523.0,86.7914,,12.89636363636364,163.9
1998-11-01,9374.6,211178.0,86.7256,,11.44190476190476,164.1
1998-12-01,9391.7,216303.0,87.1185,,10.16,164.4
1999-01-01,9444.1,193581.0,87.4949,,11.18666666666667,164.7
1999-02-01,9476.2,191485.0,88.027,,10.4295,164.7
1999-03-01,9484.1,220763.0,88.2267,,12.88521739130435,164.8
1999-04-01,9453.0,220996.0,88.4295,,15.50090909090909,165.9
1999-05-01,9469.3,230786.0,88.9886,,15.67,166.0
1999-06-01,9501.3,235970.0,88.9188,,16.13181818181818,166.0
1999-07-01,9519.0,243116.0,89.4333,,19.03227272727273,166.7
1999-08-01,9559.1,241503.0,89.7924,,20.59772727272727,167.1
1999-09-01,9546.7,224306.0,89.4299,,23.14954545454545,167.8
1999-10-01,9598.7,233631.0,90.523,,22.17857142857143,168.1
1999-11-01,9660.9,221856.0,90.9618,,24.83727272727273,168.4
1999-12-01,9735.9,221465.0,91.6634,,25.69913043478261,168.8
2000-01-01,9799.9,203442.0,91.538,49843099.0,25.63333333333333,169.3
2000-02-01,9837.9,199261.0,91.8239,49931931.0,28.03047619047619,170.0
2000-03-01,9864.0,232490.0,92.1504,61478163.0,27.49434782608696,171.0
2000-04-01,9913.7,227698.0,92.6989,58981617.0,23.1535,170.9
2000-05-01,9954.5,242501.0,92.9499,61223861.0,27.80521739130435,171.2
2000-06-01,9982.3,242963.0,92.9862,65601574.0,30.48318181818182,172.2
2000-07-01,10035.9,245140.0,92.8048,67898320.0,28.89428571428571,172.7
2000-08-01,10098.3,247832.0,92.5521,67028338.0,31.62913043478261,172.7
2000-09-01,10110.3,227899.0,92.9792,56441629.0,33.36047619047619,173.6
2000-10-01,10139.2,236491.0,92.6179,58834210.0,31.30272727272727,173.9
2000-11-01,10143.5,222819.0,92.6438,56283261.0,32.88090909090909,174.2
2000-12-01,10164.3,218390.0,92.3415,55380280.0,25.47571428571429,174.6
2001-01-01,10211.7,209685.0,91.902,53129922.0,25.79,175.6
2001-02-01,10223.4,200876.0,91.3034,49992995.0,27.8965,176.0
2001-03-01,10254.4,232587.0,91.1162,62323049.0,25.03454545454545,176.1
2001-04-01,10233.1,232513.0,90.7891,59801567.0,26.01809523809524,176.4
2001-05-01,10214.7,245357.0,90.3555,60246478.0,28.43826086956522,177.3
2001-06-01,10218.1,243498.0,89.8784,64987598.0,28.00380952380952,177.7
2001-07-01,10370.7,250363.0,89.3028,68573410.0,24.99136363636364,177.4
2001-08-01,10543.1,253274.0,89.2003,69003617.0,25.73608695652174,177.4
2001-09-01,10452.8,226312.0,88.7485,39106905.0,25.837,178.1
2001-10-01,10267.7,241050.0,88.5052,44271037.0,21.03260869565217,177.6
2001-11-01,10279.7,230511.0,87.97,45245063.0,19.10545454545455,177.5
2001-12-01,10298.9,229584.0,87.9324,48167518.0,18.68142857142857,177.4
2002-01-01,10514.7,215215.0,88.5176,46587854.0,20.03304347826087,177.7
2002-02-01,10531.6,208237.0,88.5278,45157584.0,20.545,178.0
2002-03-01,10539.0,236070.0,89.1686,57423396.0,24.00095238095238,178.5
2002-04-01,10574.2,237226.0,89.604,53013179.0,25.94545454545455,179.3
2002-05-01,10616.5,251746.0,89.964,55663570.0,25.5495652173913,179.5
2002-06-01,10648.2,247868.0,90.7061,60224150.0,24.368,179.6
2002-07-01,10621.0,256392.0,90.6769,63828500.0,25.85782608695652,180.0
2002-08-01,10623.0,258666.0,90.5762,63657944.0,26.62,180.5
2002-09-01,10633.6,233625.0,90.6531,49270915.0,28.37095238095238,180.8
2002-10-01,10661.8,245556.0,90.4643,54019748.0,27.52260869565217,181.2
2002-11-01,10690.9,230648.0,90.9711,50106815.0,24.25047619047619,181.5
2002-12-01,10719.9,234260.0,90.4652,56656595.0,28.31727272727273,181.8
2003-01-01,10710.4,218534.0,91.2361,51197174.0,30.80869565217391,182.6
2003-02-01,10674.0,203677.0,91.3445,47040806.0,32.6625,183.6
2003-03-01,10696.5,236679.0,91.1044,56766580.0,30.16809523809524,183.9
2003-04-01,10752.7,239415.0,90.5617,51857453.0,25.035,183.2
2003-05-01,10832.0,253244.0,90.537,54335598.0,25.71454545454545,182.9
2003-06-01,10860.6,252145.0,90.6527,60272900.0,27.56666666666667,183.1
2003-07-01,10991.1,262105.0,91.1185,65962215.0,28.50391304347826,183.7
2003-08-01,11066.7,260687.0,90.9197,64989766.0,29.71809523809524,184.5
2003-09-01,10940.8,237451.0,91.5059,52121480.0,27.04409090909091,185.1
2003-10-01,10982.3,254048.0,91.6186,56724551.0,29.43565217391304,184.9
2003-11-01,11048.4,233698.0,92.2329,54128776.0,28.9485,185.0
2003-12-01,11057.2,238538.0,92.2602,58739845.0,29.74347826086957,185.5
2004-01-01,11051.2,222450.0,92.4006,53979787.0,30.98181818181818,186.3
2004-02-01,11071.0,213709.0,92.958,53179693.0,30.795,186.7
2004-03-01,11115.6,251403.0,92.5861,64035864.0,33.42434782608696,187.1
2004-04-01,11153.3,250968.0,92.93,62340117.0,33.35772727272727,187.4
2004-05-01,11208.9,257235.0,93.6013,62530704.0,37.58904761904762,188.2
2004-06-01,11215.8,257383.0,92.871,68866397.0,35.43772727272727,188.9
2004-07-01,11240.5,265969.0,93.5649,73335889.0,38.22681818181818,189.1
2004-08-01,11274.6,262836.0,93.6277,70961522.0,42.22409090909091,189.2
2004-09-01,11279.6,243515.0,93.7467,57881041.0,43.31590909090909,189.8
2004-10-01,11282.5,254496.0,94.5465,63021143.0,49.73619047619048,190.8
2004-11-01,11246.1,239796.0,94.7813,59453942.0,43.74863636363636,191.7
2004-12-01,11659.0,245029.0,95.5365,62680310.0,39.96565217391304,191.7
2005-01-01,11226.5,224072.0,95.8801,59629608.0,44.1747619047619,191.6
2005-02-01,11229.0,219970.0,96.5761,55795165.0,45.721,192.4
2005-03-01,11268.8,253182.0,96.4456,70595861.0,53.22913043478261,193.1
2005-04-01,11304.2,250860.0,96.6532,65145551.0,52.60428571428571,193.7
2005-05-01,11352.7,262678.0,96.7402,68268899.0,49.28545454545455,193.6
2005-06-01,11375.5,263816.0,97.1753,72952958.0,54.83909090909091,193.7
2005-07-01,11387.1,267025.0,96.8676,77432998.0,57.62571428571429,194.9
2005-08-01,11405.3,265323.0,97.1833,73778918.0,63.9504347826087,196.1
2005-09-01,11365.2,242240.0,95.3005,62046798.0,63.26136363636364,198.8
2005-10-01,11428.7,251419.0,96.4572,63640895.0,58.90857142857143,199.1
2005-11-01,11500.1,243056.0,97.5414,61518984.0,55.44954545454545,198.1
2005-12-01,11535.2,245787.0,98.0452,64289340.0,57.15681818181818,198.1
2006-01-01,11651.8,233282.0,98.1999,61035027.0,63.31181818181818,199.3
2006-02-01,11702.8,220711.0,98.2413,56729212.0,60.8055,199.4
2006-03-01,11747.5,256623.0,98.4628,70799794.0,62.74695652173913,199.7
2006-04-01,11744.4,250644.0,98.7618,68120559.0,70.34,200.7
2006-05-01,11736.8,263370.0,98.7869,69352606.0,70.51,201.3
2006-06-01,11751.9,263782.0,99.0997,74099238.0,69.23272727272727,201.8
2006-07-01,11746.9,263421.0,99.0489,77798621.0,74.04095238095238,202.9
2006-08-01,11737.0,265206.0,99.4836,74227051.0,73.5004347826087,203.8
2006-09-01,11800.1,245605.0,99.3183,62345744.0,62.52714285714286,202.8
2006-10-01,11853.7,257939.0,99.2044,66082164.0,58.75818181818182,201.9
2006-11-01,11901.9,245346.0,99.1627,63548732.0,59.22272727272727,202.0
2006-12-01,11958.6,248187.0,100.1735,65980782.0,62.26047619047619,203.1
2007-01-01,11956.6,233621.0,99.8346,63016014.0,54.50304347826087,203.437
2007-02-01,11996.0,219232.0,100.7753,57793832.0,57.9695,204.226
2007-03-01,12035.1,259638.0,100.9547,72700241.0,62.35727272727273,205.288
2007-04-01,12052.8,252595.0,101.6334,69836157.0,67.69047619047619,205.904
2007-05-01,12059.9,267574.0,101.7306,71933108.0,67.71782608695652,206.755
2007-06-01,12053.3,265374.0,101.7893,76926452.0,70.61904761904762,207.234
2007-07-01,12066.4,267106.0,101.6672,80988340.0,76.13318181818182,207.603
2007-08-01,12070.9,271225.0,101.863,79439827.0,71.31304347826087,207.667
2007-09-01,12089.6,245965.0,102.0894,65913314.0,76.772,208.547
2007-10-01,12080.4,261423.0,101.8015,69445349.0,82.50739130434783,209.19
2007-11-01,12070.1,245787.0,102.3446,66250428.0,92.73136363636364,210.834
2007-12-01,12120.5,240281.0,102.3803,67782533.0,91.5195238095238,211.445
2008-01-01,12137.1,232920.0,102.2448,64667106.0,92.09173913043476,212.174
2008-02-01,12141.8,221336.0,101.8438,61504425.0,94.72238095238096,212.687
2008-03-01,12145.9,252343.0,101.5336,74575530.0,103.1619047619048,213.448
2008-04-01,12100.8,252088.0,100.8785,68906882.0,110.0331818181818,213.942
2008-05-01,12696.2,261466.0,100.2674,72725750.0,123.8622727272727,215.208
2008-06-01,12376.6,257484.0,100.0335,76162104.0,132.7604761904762,217.463
2008-07-01,12188.7,261600.0,99.676,79707545.0,133.5852173913043,219.016
2008-08-01,12120.6,260609.0,98.1111,77300568.0,113.8004761904762,218.69
2008-09-01,12149.0,239607.0,93.7895,61198749.0,98.75545454545455,218.877
2008-10-01,12240.5,255848.0,94.7219,65018204.0,71.96347826086956,216.995
2008-11-01,12345.9,236465.0,93.4715,58512623.0,52.7135,213.153
2008-12-01,12288.8,241742.0,90.8357,63503416.0,40.51173913043478,211.398
2009-01-01,12361.5,225529.0,88.57,58373786.0,43.17454545454545,211.933
2009-02-01,12241.9,217643.0,88.031,53506580.0,42.9105,212.705
2009-03-01,12242.7,249741.0,86.6528,66027342.0,46.58272727272727,212.495
2009-04-01,12320.0,251374.0,85.9344,65166301.0,50.51909090909091,212.709
2009-05-01,12500.1,258276.0,85.0665,65868255.0,57.50142857142857,213.022
2009-06-01,12273.2,258395.0,84.7459,71350228.0,68.58,214.79
2009-07-01,12218.7,264472.0,85.7027,77136799.0,64.90434782608696,214.726
2009-08-01,12194.8,260297.0,86.6426,74614772.0,72.59190476190476,215.445
2009-09-01,12230.6,241970.0,87.4063,61435354.0,67.51318181818182,215.861
2009-10-01,12193.2,252209.0,87.6419,64274740.0,72.96863636363636,216.509
2009-11-01,12224.4,237264.0,88.0221,59011015.0,76.93666666666667,217.234
2009-12-01,12280.2,239593.0,88.3793,63231672.0,74.7895652173913,217.347
2010-01-01,12285.8,220839.0,89.3426,59651062.0,76.60238095238095,217.488
2010-02-01,12292.0,210635.0,89.6779,53240066.0,73.903,217.281
2010-03-01,12340.3,254238.0,90.2928,68307090.0,79.51913043478261,217.353
2010-04-01,12447.1,253936.0,90.5991,64953251.0,85.15636363636364,217.403
2010-05-01,12540.3,256927.0,91.823,68850905.0,76.13238095238096,217.29
2010-06-01,12544.3,260083.0,91.9928,74474550.0,75.24636363636364,217.199
2010-07-01,12554.2,265315.0,92.3421,79304441.0,75.195,217.605
2010-08-01,12591.4,263837.0,92.6805,76741308.0,76.89181818181818,217.923
2010-09-01,12589.9,244682.0,92.9537,65341293.0,77.93818181818182,218.275
2010-10-01,12592.5,256395.0,92.6903,69071626.0,83.33857142857143,219.035
2010-11-01,12605.1,239579.0,92.7709,63334293.0,85.80090909090909,219.59
2010-12-01,12680.6,240800.0,93.6787,65797943.0,91.96,220.472
2011-01-01,12740.1,223790.0,93.4814,61630362.0,96.95238095238096,221.187
2011-02-01,12776.6,213463.0,93.1102,55391206.0,104.2385,221.898
2011-03-01,12742.7,253124.0,94.0788,70158268.0,114.9173913043478,223.046
2011-04-01,12721.3,249578.0,93.7749,67683558.0,123.3257142857143,224.093
2011-05-01,12705.3,254083.0,93.888,71711448.0,114.9295454545455,224.806
2011-06-01,12756.9,258350.0,94.172,76057910.0,114.37045454545452,224.806
2011-07-01,12805.6,260175.0,94.636,81423231.0,117.48333333333332,225.395
2011-08-01,12799.7,260526.0,95.2749,77247896.0,110.3547826086957,226.106
2011-09-01,12781.7,242062.0,95.1961,66345318.0,111.96272727272732,226.597
2011-10-01,12791.9,251906.0,95.8568,68177919.0,110.4295238095238,226.75
2011-11-01,12782.7,238535.0,95.8485,63492941.0,111.1586363636364,227.169
2011-12-01,12898.5,244810.0,96.3571,66595644.0,108.3477272727273,227.223
2012-01-01,12967.5,227527.0,96.9318,61940192.0,111.415,227.842
2012-02-01,13029.6,218196.0,97.2435,58243799.0,119.1657142857143,228.329
2012-03-01,13066.4,256166.0,96.74,71696205.0,124.7031818181818,228.807
2012-04-01,13116.5,249394.0,97.4359,68669276.0,120.47,229.187
2012-05-01,13112.5,260774.0,97.6609,71887545.0,110.8221739130435,228.713
2012-06-01,13097.2,260376.0,97.6663,76760765.0,95.88904761904762,228.524
2012-07-01,12999.8,260244.0,97.8713,80499331.0,102.9795454545455,228.59
2012-08-01,12961.6,264379.0,97.4525,78609005.0,113.78043478260868,229.918
2012-09-01,13053.1,238867.0,97.381,66008348.0,113.6415,231.015
2012-10-01,13142.0,253574.0,97.7193,67677764.0,111.7926086956522,231.638
2012-11-01,13315.7,240361.0,98.0777,64039210.0,109.9118181818182,231.249
2012-12-01,13642.7,238709.0,98.3101,66702987.0,109.5690476190476,231.221
2013-01-01,12845.5,229419.0,98.3342,63139217.0,112.52782608695648,231.679
2013-02-01,12813.9,215803.0,98.7941,58109870.0,116.488,232.937
2013-03-01,12852.1,253026.0,99.1921,72764478.0,109.5857142857143,232.282
2013-04-01,12893.4,252064.0,99.1065,68453537.0,102.96,231.797
2013-05-01,12954.2,263406.0,99.1839,73574534.0,102.9804347826087,231.893
2013-06-01,12955.7,259980.0,99.3897,78467134.0,103.3585,232.445
2013-07-01,12941.8,263946.0,99.0814,81974582.0,107.77956521739128,232.9
2013-08-01,12969.6,268061.0,99.6543,80007788.0,111.0581818181818,233.456
2013-09-01,13027.5,242536.0,100.161,67203059.0,111.9628571428571,233.544
2013-10-01,12974.6,258748.0,100.082,69727370.0,109.6186956521739,233.669
2013-11-01,12998.9,240055.0,100.3158,63611195.0,108.1504761904762,234.1
2013-12-01,13019.1,241237.0,100.5175,70967040.0,111.0704545454545,234.719
2014-01-01,13079.5,226413.0,100.1599,64743622.0,107.9269565217391,235.288
2014-02-01,13148.0,213949.0,100.9168,58474896.0,108.838,235.547
2014-03-01,13219.9,253424.0,101.8942,74237229.0,107.8680952380952,236.028
2014-04-01,13270.2,256736.0,101.9928,71278694.0,108.0036363636364,236.468
2014-05-01,13312.9,266237.0,102.3836,75712694.0,109.8322727272727,236.918
2014-06-01,13360.4,263459.0,102.735,80063355.0,112.2409523809524,237.231
2014-07-01,13386.8,270053.0,102.9632,84404540.0,107.4626086956522,237.498
2014-08-01,13445.9,268831.0,102.7688,81957560.0,102.4019047619048,237.46
2014-09-01,13486.3,247688.0,103.0641,69028870.0,97.85272727272728,237.477
2014-10-01,13550.7,265144.0,103.0764,71887841.0,87.58478260869565,237.43
2014-11-01,13624.4,241451.0,103.7126,65654285.0,79.2295,236.983
2014-12-01,13719.1,252271.0,103.7044,72233639.0,62.90391304347826,236.252
2015-01-01,13797.7,233498.0,102.8905,66538436.0,48.93318181818182,234.747
2015-02-01,13848.0,217220.0,102.2335,60331344.0,58.254,235.342
2015-03-01,13811.3,258017.0,101.8914,76271051.0,56.52454545454545,235.976
2015-04-01,13842.0,262817.0,101.3355,73607258.0,59.82636363636364,236.222
2015-05-01,13865.6,270839.0,100.8883,78502373.0,65.19380952380952,237.001
2015-06-01,13874.1,270574.0,100.571,83253406.0,62.62,237.657
2015-07-01,13905.7,278372.0,101.2228,88951664.0,56.8295652173913,238.034
2015-08-01,13935.8,272209.0,101.0367,85855967.0,47.53380952380952,238.033
2015-09-01,13972.2,255090.0,100.7547,73017733.0,48.03045454545455,237.498
2015-10-01,13996.9,268469.0,100.2675,76678108.0,48.90636363636364,237.733
2015-11-01,13993.4,248843.0,99.5298,70460064.0,45.0952380952381,238.017
2015-12-01,14060.2,259424.0,99.0417,75327877.0,38.52521739130435,237.761
2016-01-01,14121.1,239679.0,99.5607,69778658.0,32.0452380952381,237.652
2016-02-01,14135.3,223011.0,99.0445,65026219.0,33.76238095238095,237.336
2016-03-01,14135.4,265147.0,98.3096,79121758.0,39.79217391304348,238.08
2016-04-01,14106.2,269653.0,98.6421,75617434.0,43.33047619047619,238.992
2016-05-01,14095.5,277972.0,98.4184,81226986.0,47.735,239.557
2016-06-01,14104.9,276991.0,98.8833,87042101.0,49.87727272727273,240.222
2016-07-01,14160.1,285160.0,98.9992,91256833.0,46.59857142857143,240.101
2016-08-01,14176.7,279213.0,98.85,86708521.0,47.05217391304348,240.545
2016-09-01,14209.1,262039.0,98.7457,75735172.0,47.37681818181818,241.176
2016-10-01,14235.4,275610.0,98.7611,77790770.0,51.41380952380952,241.741
2016-11-01,14273.6,255154.0,98.3491,72625059.0,46.94227272727273,242.026
2016-12-01,14313.7,264778.0,99.0214,77310983.0,55.02272727272727,242.637
2017-01-01,14373.7,242600.0,98.7611,71876269.0,55.71090909090909,243.618
2017-02-01,14416.8,225644.0,98.3646,64666236.0,56.096,244.006
2017-03-01,14476.3,268343.0,99.0137,81311996.0,52.65521739130435,243.892
2017-04-01,14509.3,272864.0,100.0224,79935852.0,53.978,244.193
2017-05-01,14610.7,281264.0,100.1408,83939006.0,51.37434782608696,244.004
2017-06-01,14618.7,280290.0,100.3471,90130486.0,47.65272727272727,244.163
2017-07-01,14660.2,288566.0,100.1068,94641128.0,49.25333333333333,244.243
2017-08-01,14678.3,282558.0,99.6925,90980861.0,51.92782608695652,245.183
2017-09-01,14706.0,265212.0,99.7954,75092482.0,55.55761904761905,246.435
2017-10-01,14748.6,278888.0,101.0247,81168258.0,57.53636363636364,246.626
2017-11-01,14771.1,258159.0,101.2664,76124221.0,62.83636363636364,247.284
2017-12-01,14797.9,267958.0,101.4644,80037671.0,64.06428571428572,247.805
2018-01-01,14886.6,244736.0,101.4625,73795773.0,68.88913043478261,248.859
2018-02-01,14921.1,227759.0,101.7085,68674180.0,65.6965,249.529
2018-03-01,14974.8,270705.0,102.2067,86103130.0,66.89181818181818,249.577
2018-04-01,15007.2,275127.0,103.3329,83009458.0,71.93285714285715,250.227
2018-05-01,15057.8,283713.0,102.4024,88525374.0,76.93434782608696,250.792
2018-06-01,15119.3,282648.0,103.198,94917320.0,75.80285714285714,251.018
2018-07-01,15184.7,290989.0,103.3646,99373488.0,75.22909090909091,251.214
2018-08-01,15238.6,284989.0,104.0327,95268900.0,73.85130434782609,251.663
2018-09-01,15237.5,267434.0,104.1004,79470511.0,79.163,252.182
2018-10-01,15274.1,281382.0,103.9856,84871437.0,80.78347826086957,252.772
2018-11-01,15315.2,260473.0,104.0681,79928596.0,66.22863636363635,252.594
2018-12-01,15506.5,270370.0,104.0936,83062296.0,57.94809523809524,252.767
2019-01-01,15536.3,248927.0,103.4021,77340251.0,59.94478260869565,252.561
2019-02-01,15560.4,231791.0,102.8371,71123784.0,64.384,253.319
2019-03-01,15566.5,272379.0,102.8757,90478107.0,66.94190476190477,254.277
2019-04-01,15534.2,273413.0,102.274,86684142.0,71.47590909090908,255.233
2019-05-01,15532.4,289711.0,102.392,92977220.0,70.38913043478261,255.296
2019-06-01,15562.1,281359.0,102.4375,98273616.0,63.2085,255.213
2019-07-01,15581.4,291520.0,101.9408,102295052.0,64.32217391304349,255.802
2019-08-01,15664.3,293308.0,102.639,98411628.0,59.61818181818182,256.036
2019-09-01,15697.5,273319.0,102.2917,83814263.0,62.43095238095238,256.43
2019-10-01,15718.1,283961.0,101.4281,88208390.0,59.63130434782609,257.155
2019-11-01,15766.9,260326.0,101.9372,81010197.0,62.68666666666667,257.879
2019-12-01,15683.8,261757.0,101.7003,90389595.0,65.34818181818181,258.63
2020-01-01,15842.8,260847.0,101.0338,81536356.0,63.89869565217391,259.127
2020-02-01,15900.3,242695.0,101.3735,74428889.0,55.691,259.25
2020-03-01,15702.3,226638.0,97.4078,43175178.0,33.94727272727273,258.076
2020-04-01,18015.3,167617.0,84.5619,3086801.0,26.84863636363636,256.032
2020-05-01,17110.0,221006.0,85.9604,8836134.0,32.42238095238095,255.802
2020-06-01,17050.2,250330.0,91.5934,15248985.0,40.86045454545455,257.042
2020-07-01,17202.9,265550.0,95.0256,22439042.0,43.29565217391304,258.352
2020-08-01,16542.0,265060.0,95.9549,24135654.0,45.08142857142857,259.316
2020-09-01,16633.7,257531.0,95.9669,23384755.0,41.92681818181818,259.997
2020-10-01,16573.6,266596.0,96.7394,28273746.0,41.60681818181818,260.319
2020-11-01,16381.8,238300.0,97.0816,28292818.0,44.05,260.911
2020-12-01,16397.7,241451.0,98.363,31081794.0,50.37695652173913,262.045
2021-01-01,18194.0,224959.0,98.8822,28118922.0,55.2247619047619,262.687
2021-02-01,16697.3,207160.0,95.6149,26554207.0,62.3625,263.579
2021-03-01,20520.0,262065.0,98.3856,42987656.0,65.79608695652173,264.961
2021-04-01,17420.7,252218.0,98.5587,48141939.0,65.53181818181818,266.614
2021-05-01,16922.4,276639.0,99.4333,58176515.0,68.3752380952381,268.383
2021-06-01,16838.1,279209.0,99.7987,68909511.0,73.51272727272728,270.654
2021-07-01,16949.3,288443.0,100.2519,78489828.0,74.40318181818182,271.903
2021-08-01,16917.1,279596.0,100.0437,72081122.0,70.58818181818182,272.676
2021-09-01,16728.5,270461.0,98.8579,61064523.0,74.74954545454545,273.91
2021-10-01,16733.5,277877.0,100.1861,67419704.0,83.8652380952381,276.55
2021-11-01,16686.4,260433.0,100.8654,68363793.0,80.89045454545455,278.919
2021-12-01,16610.8,261028.0,100.5726,72249705.0,74.67826086956522,280.845
2022-01-01,16206.1,236055.0,100.1856,56844078.0,85.62238095238095,282.543
2022-02-01,16207.6,231137.0,100.8064,58409597.0,94.267,284.5
2022-03-01,16127.2,271869.0,101.3907,78278497.0,112.44,287.674
2022-04-01,16125.5,258001.0,101.44,79210800.0,106.1557142857143,288.561
2022-05-01,16103.0,282678.0,101.3335,83885030.0,112.1136363636364,291.298
2022-06-01,16062.9,277059.0,101.018,88025973.0,117.6927272727273,294.957
2022-07-01,16270.4,281976.0,101.223,92602676.0,105.2528571428571,294.913
2022-08-01,16367.3,284347.0,101.0963,88355193.0,97.64304347826088,295.097
2022-09-01,16423.8,275638.0,101.2918,80761039.0,90.60818181818182,296.349
2022-10-01,16476.3,280673.0,101.2529,84615790.0,93.71857142857144,298.007
2022-11-01,16502.7,258728.0,100.9552,79338300.0,90.93863636363636,298.786
2022-12-01,16578.2,258030.0,99.7664,82691991.0,81.50318181818182,298.832
2023-01-01,16906.9,248718.0,100.505,77047544.0,84.08181818181818,300.42
2023-02-01,16998.2,236170.0,100.6416,71976241.0,83.6325,301.45
2023-03-01,17098.8,272758.0,101.0205,90024463.0,79.25652173913043,301.821
2023-04-01,17135.3,267308.0,101.253,88578807.0,83.536,302.845
2023-05-01,17196.7,288661.0,100.9286,93938142.0,75.74739130434783,303.334
2023-06-01,17216.3,284123.0,100.1196,99170573.0,74.975,304.014
2023-07-01,17250.6,287583.0,100.9067,104221564.0,80.10904761904762,304.609
2023-08-01,17275.3,288849.0,100.8393,98431496.0,85.16826086956522,306.082
2023-09-01,17282.2,273125.0,101.0211,88395156.0,92.67333333333332,307.276
2023-10-01,17341.3,280549.0,100.4689,93586397.0,88.94772727272726,307.696
2023-11-01,17427.1,260292.0,100.8639,86927352.0,82.18636363636364,308.148
2023-12-01,17481.7,258680.0,100.6031,91018518.0,77.54095238095238,308.741
2024-01-01,17575.4,247678.0,99.2223,81377910.0,79.11,309.698
2024-02-01,17596.2,242287.0,100.285,79060877.0,81.7957142857143,310.967
2024-03-01,17617.0,275803.0,100.4575,97235732.0,84.96142857142857,312.345
2024-04-01,17638.6,274470.0,100.2434,92515166.0,88.97454545454545,313.023
2024-05-01,17713.3,293754.0,100.863,99761464.0,83.05391304347826,313.175
2024-06-01,17751.1,284250.0,100.894,105774733.0,82.9175,313.044
2024-07-01,17743.2,292266.0,99.9757,108804478.0,84.0486956521739,313.569
2024-08-01,17752.9,293332.0,100.4309,102237212.0,79.01863636363636,314.062
2024-09-01,17769.9,274144.0,99.8084,89581519.0,73.05761904761906,314.732
2024-10-01,17810.5,289477.0,99.4695,94244460.0,75.26652173913043,315.631
2024-11-01,17851.4,262354.0,99.2925,86650582.0,73.50857142857143,316.528
2024-12-01,17867.9,264216.0,100.3273,96895920.0,73.22772727272726,317.604
2025-01-01,17889.8,252454.0,100.0647,83378647.0,78.19391304347826,318.961
2025-02-01,17910.5,238728.0,101.0993,76678365.0,75.193,319.679
2025-03-01,18029.1,278787.0,101.0404,96934474.0,71.74142857142857,319.785
2025-04-01,18132.9,278631.0,101.1279,93960719.0,66.92727272727274,320.302
2025-05-01,17980.9,295214.0,100.9655,99348983.0,64.09272727272727,320.62
2025-06-01,17962.1,286872.0,101.4785,105669022.0,69.84666666666666,321.435
2025-07-01,18040.9,297161.0,101.894,110272196.0,69.56478260869565,322.169
2025-08-01,18076.9,295928.0,101.6247,103883418.0,67.24428571428571,323.291
2025-09-01,18094.6,279611.0,101.668,89828167.0,67.60909090909091,324.245
2025-10-01,18037.3,291540.0,101.2195,96836264.0,63.98130434782609,
2025-11-01,18035.1,263138.0,101.0344,86616101.0,63.6935,325.063
2025-12-01,18018.5,265855.0,101.4941,96559635.0,61.81090909090909,326.031
2026-01-01,18134.6,252805.0,101.0388,83630942.0,64.59409090909091,326.588
2026-02-01,18051.9,244934.0,101.9053,78991027.0,69.4095,327.46
2026-03-01,18030.5,283246.0,101.7543,99439300.0,99.405,330.293
2026-04-01,17957.1,280116.0,102.5198,94397847.0,102.8136363636364,332.407
2026-05-01,18000.1,293090.0,102.5099,99806195.0,103.842380952381,333.979
2026-06-01,18054.9,289472.0,102.7868,,84.48772727272727,332.568
2026-07-01,18122.5,297771.0,102.9939,,83.73409090909091,332.813
